_input,_num,_widgetName,_source,_resultNumber,_pageUrl,name
webpage/url:http://surnames.behindthename.com/names/usage/german|,1,indian names,indian names,1,http://surnames.behindthename.com/names/usage/german,ABBING
webpage/url:http://surnames.behindthename.com/names/usage/german|,2,indian names,indian names,2,http://surnames.behindthename.com/names/usage/german,ABEL
webpage/url:http://surnames.behindthename.com/names/usage/german|,3,indian names,indian names,3,http://surnames.behindthename.com/names/usage/german,ABELN
webpage/url:http://surnames.behindthename.com/names/usage/german|,4,indian names,indian names,4,http://surnames.behindthename.com/names/usage/german,ABT
webpage/url:http://surnames.behindthename.com/names/usage/german|,5,indian names,indian names,5,http://surnames.behindthename.com/names/usage/german,ACHILLES
webpage/url:http://surnames.behindthename.com/names/usage/german|,6,indian names,indian names,6,http://surnames.behindthename.com/names/usage/german,ACHTERBERG
webpage/url:http://surnames.behindthename.com/names/usage/german|,7,indian names,indian names,7,http://surnames.behindthename.com/names/usage/german,ACKER
webpage/url:http://surnames.behindthename.com/names/usage/german|,8,indian names,indian names,8,http://surnames.behindthename.com/names/usage/german,ACKERMANN
webpage/url:http://surnames.behindthename.com/names/usage/german|,9,indian names,indian names,9,http://surnames.behindthename.com/names/usage/german,ADAM
webpage/url:http://surnames.behindthename.com/names/usage/german|,10,indian names,indian names,10,http://surnames.behindthename.com/names/usage/german,ADENAUER
webpage/url:http://surnames.behindthename.com/names/usage/german|,11,indian names,indian names,11,http://surnames.behindthename.com/names/usage/german,ADLER
webpage/url:http://surnames.behindthename.com/names/usage/german|,12,indian names,indian names,12,http://surnames.behindthename.com/names/usage/german,ADLERSFLÜGEL
webpage/url:http://surnames.behindthename.com/names/usage/german|,13,indian names,indian names,13,http://surnames.behindthename.com/names/usage/german,AESCHELMAN
webpage/url:http://surnames.behindthename.com/names/usage/german|,14,indian names,indian names,14,http://surnames.behindthename.com/names/usage/german,ALBERT
webpage/url:http://surnames.behindthename.com/names/usage/german|,15,indian names,indian names,15,http://surnames.behindthename.com/names/usage/german,ALBRECHT
webpage/url:http://surnames.behindthename.com/names/usage/german|,16,indian names,indian names,16,http://surnames.behindthename.com/names/usage/german,ALESHIRE
webpage/url:http://surnames.behindthename.com/names/usage/german|,17,indian names,indian names,17,http://surnames.behindthename.com/names/usage/german,ALESHITE
webpage/url:http://surnames.behindthename.com/names/usage/german|,18,indian names,indian names,18,http://surnames.behindthename.com/names/usage/german,ALTHAUS
webpage/url:http://surnames.behindthename.com/names/usage/german|,19,indian names,indian names,19,http://surnames.behindthename.com/names/usage/german,AMSEL (2)
webpage/url:http://surnames.behindthename.com/names/usage/german|,20,indian names,indian names,20,http://surnames.behindthename.com/names/usage/german,ANDRES
webpage/url:http://surnames.behindthename.com/names/usage/german|,21,indian names,indian names,21,http://surnames.behindthename.com/names/usage/german,ARMBRÜSTER
webpage/url:http://surnames.behindthename.com/names/usage/german|,22,indian names,indian names,22,http://surnames.behindthename.com/names/usage/german,ARMBRUSTER
webpage/url:http://surnames.behindthename.com/names/usage/german|,23,indian names,indian names,23,http://surnames.behindthename.com/names/usage/german,ARTZ
webpage/url:http://surnames.behindthename.com/names/usage/german|,24,indian names,indian names,24,http://surnames.behindthename.com/names/usage/german,AUE
webpage/url:http://surnames.behindthename.com/names/usage/german|,25,indian names,indian names,25,http://surnames.behindthename.com/names/usage/german,AUER
webpage/url:http://surnames.behindthename.com/names/usage/german|,26,indian names,indian names,26,http://surnames.behindthename.com/names/usage/german,AUGUSTIN
webpage/url:http://surnames.behindthename.com/names/usage/german|,27,indian names,indian names,27,http://surnames.behindthename.com/names/usage/german,AUST
webpage/url:http://surnames.behindthename.com/names/usage/german|,28,indian names,indian names,28,http://surnames.behindthename.com/names/usage/german,AUTENBURG
webpage/url:http://surnames.behindthename.com/names/usage/german|,29,indian names,indian names,29,http://surnames.behindthename.com/names/usage/german,AUTTENBERG
webpage/url:http://surnames.behindthename.com/names/usage/german|,30,indian names,indian names,30,http://surnames.behindthename.com/names/usage/german,BAASCH
webpage/url:http://surnames.behindthename.com/names/usage/german|,31,indian names,indian names,31,http://surnames.behindthename.com/names/usage/german,BACH
webpage/url:http://surnames.behindthename.com/names/usage/german|,32,indian names,indian names,32,http://surnames.behindthename.com/names/usage/german,BACHMEIER
webpage/url:http://surnames.behindthename.com/names/usage/german|,33,indian names,indian names,33,http://surnames.behindthename.com/names/usage/german,BÄCKER
webpage/url:http://surnames.behindthename.com/names/usage/german|,34,indian names,indian names,34,http://surnames.behindthename.com/names/usage/german,BADER
webpage/url:http://surnames.behindthename.com/names/usage/german|,35,indian names,indian names,35,http://surnames.behindthename.com/names/usage/german,BÄHR
webpage/url:http://surnames.behindthename.com/names/usage/german|,36,indian names,indian names,36,http://surnames.behindthename.com/names/usage/german,BAMBACH
webpage/url:http://surnames.behindthename.com/names/usage/german|,37,indian names,indian names,37,http://surnames.behindthename.com/names/usage/german,BAUER
webpage/url:http://surnames.behindthename.com/names/usage/german|,38,indian names,indian names,38,http://surnames.behindthename.com/names/usage/german,BAUERS
webpage/url:http://surnames.behindthename.com/names/usage/german|,39,indian names,indian names,39,http://surnames.behindthename.com/names/usage/german,BAUM
webpage/url:http://surnames.behindthename.com/names/usage/german|,40,indian names,indian names,40,http://surnames.behindthename.com/names/usage/german,BAUMANN
webpage/url:http://surnames.behindthename.com/names/usage/german|,41,indian names,indian names,41,http://surnames.behindthename.com/names/usage/german,BAUMBACH
webpage/url:http://surnames.behindthename.com/names/usage/german|,42,indian names,indian names,42,http://surnames.behindthename.com/names/usage/german,BAUMGÄRTNER
webpage/url:http://surnames.behindthename.com/names/usage/german|,43,indian names,indian names,43,http://surnames.behindthename.com/names/usage/german,BAUMGARTNER
webpage/url:http://surnames.behindthename.com/names/usage/german|,44,indian names,indian names,44,http://surnames.behindthename.com/names/usage/german,BAUMHAUER
webpage/url:http://surnames.behindthename.com/names/usage/german|,45,indian names,indian names,45,http://surnames.behindthename.com/names/usage/german,BAYER
webpage/url:http://surnames.behindthename.com/names/usage/german|,46,indian names,indian names,46,http://surnames.behindthename.com/names/usage/german,BECK (1)
webpage/url:http://surnames.behindthename.com/names/usage/german|,47,indian names,indian names,47,http://surnames.behindthename.com/names/usage/german,BECKE
webpage/url:http://surnames.behindthename.com/names/usage/german|,48,indian names,indian names,48,http://surnames.behindthename.com/names/usage/german,BECKENBAUER
webpage/url:http://surnames.behindthename.com/names/usage/german|,49,indian names,indian names,49,http://surnames.behindthename.com/names/usage/german,BECKER
webpage/url:http://surnames.behindthename.com/names/usage/german|,50,indian names,indian names,50,http://surnames.behindthename.com/names/usage/german,BECKERT
webpage/url:http://surnames.behindthename.com/names/usage/german|,51,indian names,indian names,51,http://surnames.behindthename.com/names/usage/german,BEHREND
webpage/url:http://surnames.behindthename.com/names/usage/german|,52,indian names,indian names,52,http://surnames.behindthename.com/names/usage/german,BEHRENDS
webpage/url:http://surnames.behindthename.com/names/usage/german|,53,indian names,indian names,53,http://surnames.behindthename.com/names/usage/german,BEITEL
webpage/url:http://surnames.behindthename.com/names/usage/german|,54,indian names,indian names,54,http://surnames.behindthename.com/names/usage/german,BELTZ
webpage/url:http://surnames.behindthename.com/names/usage/german|,55,indian names,indian names,55,http://surnames.behindthename.com/names/usage/german,BENN
webpage/url:http://surnames.behindthename.com/names/usage/german|,56,indian names,indian names,56,http://surnames.behindthename.com/names/usage/german,BERG
webpage/url:http://surnames.behindthename.com/names/usage/german|,57,indian names,indian names,57,http://surnames.behindthename.com/names/usage/german,BERGER (2)
webpage/url:http://surnames.behindthename.com/names/usage/german|,58,indian names,indian names,58,http://surnames.behindthename.com/names/usage/german,BERGFALK
webpage/url:http://surnames.behindthename.com/names/usage/german|,59,indian names,indian names,59,http://surnames.behindthename.com/names/usage/german,BERINGER
webpage/url:http://surnames.behindthename.com/names/usage/german|,60,indian names,indian names,60,http://surnames.behindthename.com/names/usage/german,BERNAT
webpage/url:http://surnames.behindthename.com/names/usage/german|,61,indian names,indian names,61,http://surnames.behindthename.com/names/usage/german,BEST
webpage/url:http://surnames.behindthename.com/names/usage/german|,62,indian names,indian names,62,http://surnames.behindthename.com/names/usage/german,BEUTEL
webpage/url:http://surnames.behindthename.com/names/usage/german|,63,indian names,indian names,63,http://surnames.behindthename.com/names/usage/german,BEYER
webpage/url:http://surnames.behindthename.com/names/usage/german|,64,indian names,indian names,64,http://surnames.behindthename.com/names/usage/german,BEYERSDORF
webpage/url:http://surnames.behindthename.com/names/usage/german|,65,indian names,indian names,65,http://surnames.behindthename.com/names/usage/german,BIEBER
webpage/url:http://surnames.behindthename.com/names/usage/german|,66,indian names,indian names,66,http://surnames.behindthename.com/names/usage/german,BIERMANN
webpage/url:http://surnames.behindthename.com/names/usage/german|,67,indian names,indian names,67,http://surnames.behindthename.com/names/usage/german,BISCHOFFS
webpage/url:http://surnames.behindthename.com/names/usage/german|,68,indian names,indian names,68,http://surnames.behindthename.com/names/usage/german,BLAU
webpage/url:http://surnames.behindthename.com/names/usage/german|,69,indian names,indian names,69,http://surnames.behindthename.com/names/usage/german,BLECHER
webpage/url:http://surnames.behindthename.com/names/usage/german|,70,indian names,indian names,70,http://surnames.behindthename.com/names/usage/german,BLEIER
webpage/url:http://surnames.behindthename.com/names/usage/german|,71,indian names,indian names,71,http://surnames.behindthename.com/names/usage/german,BLUMENTHAL
webpage/url:http://surnames.behindthename.com/names/usage/german|,72,indian names,indian names,72,http://surnames.behindthename.com/names/usage/german,BLUMSTEIN
webpage/url:http://surnames.behindthename.com/names/usage/german|,73,indian names,indian names,73,http://surnames.behindthename.com/names/usage/german,BOCKER
webpage/url:http://surnames.behindthename.com/names/usage/german|,74,indian names,indian names,74,http://surnames.behindthename.com/names/usage/german,BOEHLER
webpage/url:http://surnames.behindthename.com/names/usage/german|,75,indian names,indian names,75,http://surnames.behindthename.com/names/usage/german,BOER
webpage/url:http://surnames.behindthename.com/names/usage/german|,76,indian names,indian names,76,http://surnames.behindthename.com/names/usage/german,BOESCH
webpage/url:http://surnames.behindthename.com/names/usage/german|,77,indian names,indian names,77,http://surnames.behindthename.com/names/usage/german,BÖHLER
webpage/url:http://surnames.behindthename.com/names/usage/german|,78,indian names,indian names,78,http://surnames.behindthename.com/names/usage/german,BÖHM
webpage/url:http://surnames.behindthename.com/names/usage/german|,79,indian names,indian names,79,http://surnames.behindthename.com/names/usage/german,BÖHME
webpage/url:http://surnames.behindthename.com/names/usage/german|,80,indian names,indian names,80,http://surnames.behindthename.com/names/usage/german,BÖHMER
webpage/url:http://surnames.behindthename.com/names/usage/german|,81,indian names,indian names,81,http://surnames.behindthename.com/names/usage/german,BOHN
webpage/url:http://surnames.behindthename.com/names/usage/german|,82,indian names,indian names,82,http://surnames.behindthename.com/names/usage/german,BORCHARD
webpage/url:http://surnames.behindthename.com/names/usage/german|,83,indian names,indian names,83,http://surnames.behindthename.com/names/usage/german,BÖSCH
webpage/url:http://surnames.behindthename.com/names/usage/german|,84,indian names,indian names,84,http://surnames.behindthename.com/names/usage/german,BOSCH
webpage/url:http://surnames.behindthename.com/names/usage/german|,85,indian names,indian names,85,http://surnames.behindthename.com/names/usage/german,BÖTTCHER
webpage/url:http://surnames.behindthename.com/names/usage/german|,86,indian names,indian names,86,http://surnames.behindthename.com/names/usage/german,BRAHMS
webpage/url:http://surnames.behindthename.com/names/usage/german|,87,indian names,indian names,87,http://surnames.behindthename.com/names/usage/german,BRAND
webpage/url:http://surnames.behindthename.com/names/usage/german|,88,indian names,indian names,88,http://surnames.behindthename.com/names/usage/german,BRANDT
webpage/url:http://surnames.behindthename.com/names/usage/german|,89,indian names,indian names,89,http://surnames.behindthename.com/names/usage/german,BRANT
webpage/url:http://surnames.behindthename.com/names/usage/german|,90,indian names,indian names,90,http://surnames.behindthename.com/names/usage/german,BRAUER
webpage/url:http://surnames.behindthename.com/names/usage/german|,91,indian names,indian names,91,http://surnames.behindthename.com/names/usage/german,BRAUN
webpage/url:http://surnames.behindthename.com/names/usage/german|,92,indian names,indian names,92,http://surnames.behindthename.com/names/usage/german,BRAUNE
webpage/url:http://surnames.behindthename.com/names/usage/german|,93,indian names,indian names,93,http://surnames.behindthename.com/names/usage/german,BREINER
webpage/url:http://surnames.behindthename.com/names/usage/german|,94,indian names,indian names,94,http://surnames.behindthename.com/names/usage/german,BREISACHER
webpage/url:http://surnames.behindthename.com/names/usage/german|,95,indian names,indian names,95,http://surnames.behindthename.com/names/usage/german,BREITBARTH
webpage/url:http://surnames.behindthename.com/names/usage/german|,96,indian names,indian names,96,http://surnames.behindthename.com/names/usage/german,BRETZ
webpage/url:http://surnames.behindthename.com/names/usage/german|,97,indian names,indian names,97,http://surnames.behindthename.com/names/usage/german,BRINKERHOFF
webpage/url:http://surnames.behindthename.com/names/usage/german|,98,indian names,indian names,98,http://surnames.behindthename.com/names/usage/german,BRODBECK
webpage/url:http://surnames.behindthename.com/names/usage/german|,99,indian names,indian names,99,http://surnames.behindthename.com/names/usage/german,BROSE
webpage/url:http://surnames.behindthename.com/names/usage/german|,100,indian names,indian names,100,http://surnames.behindthename.com/names/usage/german,BROTZ
webpage/url:http://surnames.behindthename.com/names/usage/german|,101,indian names,indian names,101,http://surnames.behindthename.com/names/usage/german,BRUHN
webpage/url:http://surnames.behindthename.com/names/usage/german|,102,indian names,indian names,102,http://surnames.behindthename.com/names/usage/german,BRUN
webpage/url:http://surnames.behindthename.com/names/usage/german|,103,indian names,indian names,103,http://surnames.behindthename.com/names/usage/german,BRUNE
webpage/url:http://surnames.behindthename.com/names/usage/german|,104,indian names,indian names,104,http://surnames.behindthename.com/names/usage/german,BUCHHOLZ
webpage/url:http://surnames.behindthename.com/names/usage/german|,105,indian names,indian names,105,http://surnames.behindthename.com/names/usage/german,BUCKHOLTZ
webpage/url:http://surnames.behindthename.com/names/usage/german|,106,indian names,indian names,106,http://surnames.behindthename.com/names/usage/german,BUHR
webpage/url:http://surnames.behindthename.com/names/usage/german|,107,indian names,indian names,107,http://surnames.behindthename.com/names/usage/german,BUMGARNER
webpage/url:http://surnames.behindthename.com/names/usage/german|,108,indian names,indian names,108,http://surnames.behindthename.com/names/usage/german,BURGSTALLER
webpage/url:http://surnames.behindthename.com/names/usage/german|,109,indian names,indian names,109,http://surnames.behindthename.com/names/usage/german,BUSCH
webpage/url:http://surnames.behindthename.com/names/usage/german|,110,indian names,indian names,110,http://surnames.behindthename.com/names/usage/german,CARVER (2)
webpage/url:http://surnames.behindthename.com/names/usage/german|,111,indian names,indian names,111,http://surnames.behindthename.com/names/usage/german,CHEVROLET
webpage/url:http://surnames.behindthename.com/names/usage/german|,112,indian names,indian names,112,http://surnames.behindthename.com/names/usage/german,DAHL
webpage/url:http://surnames.behindthename.com/names/usage/german|,113,indian names,indian names,113,http://surnames.behindthename.com/names/usage/german,DENZEL
webpage/url:http://surnames.behindthename.com/names/usage/german|,114,indian names,indian names,114,http://surnames.behindthename.com/names/usage/german,DERRICK
webpage/url:http://surnames.behindthename.com/names/usage/german|,115,indian names,indian names,115,http://surnames.behindthename.com/names/usage/german,DIEFENBACH
webpage/url:http://surnames.behindthename.com/names/usage/german|,116,indian names,indian names,116,http://surnames.behindthename.com/names/usage/german,DIETER
webpage/url:http://surnames.behindthename.com/names/usage/german|,117,indian names,indian names,117,http://surnames.behindthename.com/names/usage/german,DIETRICH
webpage/url:http://surnames.behindthename.com/names/usage/german|,118,indian names,indian names,118,http://surnames.behindthename.com/names/usage/german,DIRCHS
webpage/url:http://surnames.behindthename.com/names/usage/german|,119,indian names,indian names,119,http://surnames.behindthename.com/names/usage/german,DITTMAR
webpage/url:http://surnames.behindthename.com/names/usage/german|,120,indian names,indian names,120,http://surnames.behindthename.com/names/usage/german,DOHMAN
webpage/url:http://surnames.behindthename.com/names/usage/german|,121,indian names,indian names,121,http://surnames.behindthename.com/names/usage/german,DRECHSLER
webpage/url:http://surnames.behindthename.com/names/usage/german|,122,indian names,indian names,122,http://surnames.behindthename.com/names/usage/german,DREHER
webpage/url:http://surnames.behindthename.com/names/usage/german|,123,indian names,indian names,123,http://surnames.behindthename.com/names/usage/german,DRESCHNER
webpage/url:http://surnames.behindthename.com/names/usage/german|,124,indian names,indian names,124,http://surnames.behindthename.com/names/usage/german,DRESDNER
webpage/url:http://surnames.behindthename.com/names/usage/german|,125,indian names,indian names,125,http://surnames.behindthename.com/names/usage/german,DRESSLER
webpage/url:http://surnames.behindthename.com/names/usage/german|,126,indian names,indian names,126,http://surnames.behindthename.com/names/usage/german,DUERR
webpage/url:http://surnames.behindthename.com/names/usage/german|,127,indian names,indian names,127,http://surnames.behindthename.com/names/usage/german,DUNKLE
webpage/url:http://surnames.behindthename.com/names/usage/german|,128,indian names,indian names,128,http://surnames.behindthename.com/names/usage/german,DUNST
webpage/url:http://surnames.behindthename.com/names/usage/german|,129,indian names,indian names,129,http://surnames.behindthename.com/names/usage/german,DÜRR
webpage/url:http://surnames.behindthename.com/names/usage/german|,130,indian names,indian names,130,http://surnames.behindthename.com/names/usage/german,EBERHARDT
webpage/url:http://surnames.behindthename.com/names/usage/german|,131,indian names,indian names,131,http://surnames.behindthename.com/names/usage/german,EBNER (1)
webpage/url:http://surnames.behindthename.com/names/usage/german|,132,indian names,indian names,132,http://surnames.behindthename.com/names/usage/german,EBNER (2)
webpage/url:http://surnames.behindthename.com/names/usage/german|,133,indian names,indian names,133,http://surnames.behindthename.com/names/usage/german,ECKSTEIN
webpage/url:http://surnames.behindthename.com/names/usage/german|,134,indian names,indian names,134,http://surnames.behindthename.com/names/usage/german,EGGER
webpage/url:http://surnames.behindthename.com/names/usage/german|,135,indian names,indian names,135,http://surnames.behindthename.com/names/usage/german,EICHEL
webpage/url:http://surnames.behindthename.com/names/usage/german|,136,indian names,indian names,136,http://surnames.behindthename.com/names/usage/german,EILERTS
webpage/url:http://surnames.behindthename.com/names/usage/german|,137,indian names,indian names,137,http://surnames.behindthename.com/names/usage/german,ENGEL
webpage/url:http://surnames.behindthename.com/names/usage/german|,138,indian names,indian names,138,http://surnames.behindthename.com/names/usage/german,ENNS
webpage/url:http://surnames.behindthename.com/names/usage/german|,139,indian names,indian names,139,http://surnames.behindthename.com/names/usage/german,ESSER
webpage/url:http://surnames.behindthename.com/names/usage/german|,140,indian names,indian names,140,http://surnames.behindthename.com/names/usage/german,ESSERT
webpage/url:http://surnames.behindthename.com/names/usage/german|,141,indian names,indian names,141,http://surnames.behindthename.com/names/usage/german,EVERHART
webpage/url:http://surnames.behindthename.com/names/usage/german|,142,indian names,indian names,142,http://surnames.behindthename.com/names/usage/german,FABEL
webpage/url:http://surnames.behindthename.com/names/usage/german|,143,indian names,indian names,143,http://surnames.behindthename.com/names/usage/german,FAERBER
webpage/url:http://surnames.behindthename.com/names/usage/german|,144,indian names,indian names,144,http://surnames.behindthename.com/names/usage/german,FALK
webpage/url:http://surnames.behindthename.com/names/usage/german|,145,indian names,indian names,145,http://surnames.behindthename.com/names/usage/german,FALKENRATH
webpage/url:http://surnames.behindthename.com/names/usage/german|,146,indian names,indian names,146,http://surnames.behindthename.com/names/usage/german,FÄRBER
webpage/url:http://surnames.behindthename.com/names/usage/german|,147,indian names,indian names,147,http://surnames.behindthename.com/names/usage/german,FASHINGBAUER
webpage/url:http://surnames.behindthename.com/names/usage/german|,148,indian names,indian names,148,http://surnames.behindthename.com/names/usage/german,FAUST
webpage/url:http://surnames.behindthename.com/names/usage/german|,149,indian names,indian names,149,http://surnames.behindthename.com/names/usage/german,FEIGENBAUM
webpage/url:http://surnames.behindthename.com/names/usage/german|,150,indian names,indian names,150,http://surnames.behindthename.com/names/usage/german,FELD
webpage/url:http://surnames.behindthename.com/names/usage/german|,151,indian names,indian names,151,http://surnames.behindthename.com/names/usage/german,FELDT
webpage/url:http://surnames.behindthename.com/names/usage/german|,152,indian names,indian names,152,http://surnames.behindthename.com/names/usage/german,FENSTERMACHER
webpage/url:http://surnames.behindthename.com/names/usage/german|,153,indian names,indian names,153,http://surnames.behindthename.com/names/usage/german,FERTIG
webpage/url:http://surnames.behindthename.com/names/usage/german|,154,indian names,indian names,154,http://surnames.behindthename.com/names/usage/german,FIEDLER
webpage/url:http://surnames.behindthename.com/names/usage/german|,155,indian names,indian names,155,http://surnames.behindthename.com/names/usage/german,FISCHER
webpage/url:http://surnames.behindthename.com/names/usage/german|,156,indian names,indian names,156,http://surnames.behindthename.com/names/usage/german,FLATER
webpage/url:http://surnames.behindthename.com/names/usage/german|,157,indian names,indian names,157,http://surnames.behindthename.com/names/usage/german,FLEISCHER
webpage/url:http://surnames.behindthename.com/names/usage/german|,158,indian names,indian names,158,http://surnames.behindthename.com/names/usage/german,FOERSTNER
webpage/url:http://surnames.behindthename.com/names/usage/german|,159,indian names,indian names,159,http://surnames.behindthename.com/names/usage/german,FORST
webpage/url:http://surnames.behindthename.com/names/usage/german|,160,indian names,indian names,160,http://surnames.behindthename.com/names/usage/german,FÖRSTNER
webpage/url:http://surnames.behindthename.com/names/usage/german|,161,indian names,indian names,161,http://surnames.behindthename.com/names/usage/german,FOTH
webpage/url:http://surnames.behindthename.com/names/usage/german|,162,indian names,indian names,162,http://surnames.behindthename.com/names/usage/german,FRANK (3)
webpage/url:http://surnames.behindthename.com/names/usage/german|,163,indian names,indian names,163,http://surnames.behindthename.com/names/usage/german,FRANKE
webpage/url:http://surnames.behindthename.com/names/usage/german|,164,indian names,indian names,164,http://surnames.behindthename.com/names/usage/german,FREI
webpage/url:http://surnames.behindthename.com/names/usage/german|,165,indian names,indian names,165,http://surnames.behindthename.com/names/usage/german,FREUD
webpage/url:http://surnames.behindthename.com/names/usage/german|,166,indian names,indian names,166,http://surnames.behindthename.com/names/usage/german,FREUDENBERGER
webpage/url:http://surnames.behindthename.com/names/usage/german|,167,indian names,indian names,167,http://surnames.behindthename.com/names/usage/german,FREUND
webpage/url:http://surnames.behindthename.com/names/usage/german|,168,indian names,indian names,168,http://surnames.behindthename.com/names/usage/german,FRIED
webpage/url:http://surnames.behindthename.com/names/usage/german|,169,indian names,indian names,169,http://surnames.behindthename.com/names/usage/german,FRIEDRICH
webpage/url:http://surnames.behindthename.com/names/usage/german|,170,indian names,indian names,170,http://surnames.behindthename.com/names/usage/german,FROMM
webpage/url:http://surnames.behindthename.com/names/usage/german|,171,indian names,indian names,171,http://surnames.behindthename.com/names/usage/german,FROST
webpage/url:http://surnames.behindthename.com/names/usage/german|,172,indian names,indian names,172,http://surnames.behindthename.com/names/usage/german,FUCHS
webpage/url:http://surnames.behindthename.com/names/usage/german|,173,indian names,indian names,173,http://surnames.behindthename.com/names/usage/german,FUHRMANN
webpage/url:http://surnames.behindthename.com/names/usage/german|,174,indian names,indian names,174,http://surnames.behindthename.com/names/usage/german,FÜRST
webpage/url:http://surnames.behindthename.com/names/usage/german|,175,indian names,indian names,175,http://surnames.behindthename.com/names/usage/german,FUX
webpage/url:http://surnames.behindthename.com/names/usage/german|,176,indian names,indian names,176,http://surnames.behindthename.com/names/usage/german,GABLER
webpage/url:http://surnames.behindthename.com/names/usage/german|,177,indian names,indian names,177,http://surnames.behindthename.com/names/usage/german,GAERTNER
webpage/url:http://surnames.behindthename.com/names/usage/german|,178,indian names,indian names,178,http://surnames.behindthename.com/names/usage/german,GARB
webpage/url:http://surnames.behindthename.com/names/usage/german|,179,indian names,indian names,179,http://surnames.behindthename.com/names/usage/german,GARBER
webpage/url:http://surnames.behindthename.com/names/usage/german|,180,indian names,indian names,180,http://surnames.behindthename.com/names/usage/german,GÄRTNER
webpage/url:http://surnames.behindthename.com/names/usage/german|,181,indian names,indian names,181,http://surnames.behindthename.com/names/usage/german,GARVER
webpage/url:http://surnames.behindthename.com/names/usage/german|,182,indian names,indian names,182,http://surnames.behindthename.com/names/usage/german,GASS
webpage/url:http://surnames.behindthename.com/names/usage/german|,183,indian names,indian names,183,http://surnames.behindthename.com/names/usage/german,GEHRIG
webpage/url:http://surnames.behindthename.com/names/usage/german|,184,indian names,indian names,184,http://surnames.behindthename.com/names/usage/german,GEHRING
webpage/url:http://surnames.behindthename.com/names/usage/german|,185,indian names,indian names,185,http://surnames.behindthename.com/names/usage/german,GEIER
webpage/url:http://surnames.behindthename.com/names/usage/german|,186,indian names,indian names,186,http://surnames.behindthename.com/names/usage/german,GEIGER
webpage/url:http://surnames.behindthename.com/names/usage/german|,187,indian names,indian names,187,http://surnames.behindthename.com/names/usage/german,GEISLER
webpage/url:http://surnames.behindthename.com/names/usage/german|,188,indian names,indian names,188,http://surnames.behindthename.com/names/usage/german,GEISSLER
webpage/url:http://surnames.behindthename.com/names/usage/german|,189,indian names,indian names,189,http://surnames.behindthename.com/names/usage/german,GEISZLER
webpage/url:http://surnames.behindthename.com/names/usage/german|,190,indian names,indian names,190,http://surnames.behindthename.com/names/usage/german,GENSCH
webpage/url:http://surnames.behindthename.com/names/usage/german|,191,indian names,indian names,191,http://surnames.behindthename.com/names/usage/german,GERBER
webpage/url:http://surnames.behindthename.com/names/usage/german|,192,indian names,indian names,192,http://surnames.behindthename.com/names/usage/german,GERHARD
webpage/url:http://surnames.behindthename.com/names/usage/german|,193,indian names,indian names,193,http://surnames.behindthename.com/names/usage/german,GERHARDT
webpage/url:http://surnames.behindthename.com/names/usage/german|,194,indian names,indian names,194,http://surnames.behindthename.com/names/usage/german,GERIG
webpage/url:http://surnames.behindthename.com/names/usage/german|,195,indian names,indian names,195,http://surnames.behindthename.com/names/usage/german,GERST
webpage/url:http://surnames.behindthename.com/names/usage/german|,196,indian names,indian names,196,http://surnames.behindthename.com/names/usage/german,GERSTLE
webpage/url:http://surnames.behindthename.com/names/usage/german|,197,indian names,indian names,197,http://surnames.behindthename.com/names/usage/german,GERVER
webpage/url:http://surnames.behindthename.com/names/usage/german|,198,indian names,indian names,198,http://surnames.behindthename.com/names/usage/german,GIEHL
webpage/url:http://surnames.behindthename.com/names/usage/german|,199,indian names,indian names,199,http://surnames.behindthename.com/names/usage/german,GIESE
webpage/url:http://surnames.behindthename.com/names/usage/german|,200,indian names,indian names,200,http://surnames.behindthename.com/names/usage/german,GLÖCKNER
webpage/url:http://surnames.behindthename.com/names/usage/german|,201,indian names,indian names,201,http://surnames.behindthename.com/names/usage/german,GOEBEL
webpage/url:http://surnames.behindthename.com/names/usage/german|,202,indian names,indian names,202,http://surnames.behindthename.com/names/usage/german,GOLDSCHMIDT
webpage/url:http://surnames.behindthename.com/names/usage/german|,203,indian names,indian names,203,http://surnames.behindthename.com/names/usage/german,GORMAN (1)
webpage/url:http://surnames.behindthename.com/names/usage/german|,204,indian names,indian names,204,http://surnames.behindthename.com/names/usage/german,GOTT
webpage/url:http://surnames.behindthename.com/names/usage/german|,205,indian names,indian names,205,http://surnames.behindthename.com/names/usage/german,GOTTI
webpage/url:http://surnames.behindthename.com/names/usage/german|,206,indian names,indian names,206,http://surnames.behindthename.com/names/usage/german,GOTTLIEB
webpage/url:http://surnames.behindthename.com/names/usage/german|,207,indian names,indian names,207,http://surnames.behindthename.com/names/usage/german,GOTTSCHALK
webpage/url:http://surnames.behindthename.com/names/usage/german|,208,indian names,indian names,208,http://surnames.behindthename.com/names/usage/german,GRANER
webpage/url:http://surnames.behindthename.com/names/usage/german|,209,indian names,indian names,209,http://surnames.behindthename.com/names/usage/german,GREENBERG
webpage/url:http://surnames.behindthename.com/names/usage/german|,210,indian names,indian names,210,http://surnames.behindthename.com/names/usage/german,GROOS
webpage/url:http://surnames.behindthename.com/names/usage/german|,211,indian names,indian names,211,http://surnames.behindthename.com/names/usage/german,GROS
webpage/url:http://surnames.behindthename.com/names/usage/german|,212,indian names,indian names,212,http://surnames.behindthename.com/names/usage/german,GROSS
webpage/url:http://surnames.behindthename.com/names/usage/german|,213,indian names,indian names,213,http://surnames.behindthename.com/names/usage/german,GROß
webpage/url:http://surnames.behindthename.com/names/usage/german|,214,indian names,indian names,214,http://surnames.behindthename.com/names/usage/german,GROßE
webpage/url:http://surnames.behindthename.com/names/usage/german|,215,indian names,indian names,215,http://surnames.behindthename.com/names/usage/german,GROSSE
webpage/url:http://surnames.behindthename.com/names/usage/german|,216,indian names,indian names,216,http://surnames.behindthename.com/names/usage/german,GRÖßEL
webpage/url:http://surnames.behindthename.com/names/usage/german|,217,indian names,indian names,217,http://surnames.behindthename.com/names/usage/german,GROßEL
webpage/url:http://surnames.behindthename.com/names/usage/german|,218,indian names,indian names,218,http://surnames.behindthename.com/names/usage/german,GROßER
webpage/url:http://surnames.behindthename.com/names/usage/german|,219,indian names,indian names,219,http://surnames.behindthename.com/names/usage/german,GROSSER
webpage/url:http://surnames.behindthename.com/names/usage/german|,220,indian names,indian names,220,http://surnames.behindthename.com/names/usage/german,GROSZ
webpage/url:http://surnames.behindthename.com/names/usage/german|,221,indian names,indian names,221,http://surnames.behindthename.com/names/usage/german,GRÜNEWALD
webpage/url:http://surnames.behindthename.com/names/usage/german|,222,indian names,indian names,222,http://surnames.behindthename.com/names/usage/german,GÜNTHER
webpage/url:http://surnames.behindthename.com/names/usage/german|,223,indian names,indian names,223,http://surnames.behindthename.com/names/usage/german,GUNTHER
webpage/url:http://surnames.behindthename.com/names/usage/german|,224,indian names,indian names,224,http://surnames.behindthename.com/names/usage/german,GUTERMUTH
webpage/url:http://surnames.behindthename.com/names/usage/german|,225,indian names,indian names,225,http://surnames.behindthename.com/names/usage/german,GWERDER
webpage/url:http://surnames.behindthename.com/names/usage/german|,226,indian names,indian names,226,http://surnames.behindthename.com/names/usage/german,HAAS
webpage/url:http://surnames.behindthename.com/names/usage/german|,227,indian names,indian names,227,http://surnames.behindthename.com/names/usage/german,HAASE
webpage/url:http://surnames.behindthename.com/names/usage/german|,228,indian names,indian names,228,http://surnames.behindthename.com/names/usage/german,HABER
webpage/url:http://surnames.behindthename.com/names/usage/german|,229,indian names,indian names,229,http://surnames.behindthename.com/names/usage/german,HABICH
webpage/url:http://surnames.behindthename.com/names/usage/german|,230,indian names,indian names,230,http://surnames.behindthename.com/names/usage/german,HABICHT
webpage/url:http://surnames.behindthename.com/names/usage/german|,231,indian names,indian names,231,http://surnames.behindthename.com/names/usage/german,HAFNER
webpage/url:http://surnames.behindthename.com/names/usage/german|,232,indian names,indian names,232,http://surnames.behindthename.com/names/usage/german,HAHN
webpage/url:http://surnames.behindthename.com/names/usage/german|,233,indian names,indian names,233,http://surnames.behindthename.com/names/usage/german,HALL
webpage/url:http://surnames.behindthename.com/names/usage/german|,234,indian names,indian names,234,http://surnames.behindthename.com/names/usage/german,HALLE
webpage/url:http://surnames.behindthename.com/names/usage/german|,235,indian names,indian names,235,http://surnames.behindthename.com/names/usage/german,HARMAN
webpage/url:http://surnames.behindthename.com/names/usage/german|,236,indian names,indian names,236,http://surnames.behindthename.com/names/usage/german,HARTMANN
webpage/url:http://surnames.behindthename.com/names/usage/german|,237,indian names,indian names,237,http://surnames.behindthename.com/names/usage/german,HASE
webpage/url:http://surnames.behindthename.com/names/usage/german|,238,indian names,indian names,238,http://surnames.behindthename.com/names/usage/german,HASEK
webpage/url:http://surnames.behindthename.com/names/usage/german|,239,indian names,indian names,239,http://surnames.behindthename.com/names/usage/german,HASENKAMP
webpage/url:http://surnames.behindthename.com/names/usage/german|,240,indian names,indian names,240,http://surnames.behindthename.com/names/usage/german,HASS
webpage/url:http://surnames.behindthename.com/names/usage/german|,241,indian names,indian names,241,http://surnames.behindthename.com/names/usage/german,HAUER
webpage/url:http://surnames.behindthename.com/names/usage/german|,242,indian names,indian names,242,http://surnames.behindthename.com/names/usage/german,HAUPT
webpage/url:http://surnames.behindthename.com/names/usage/german|,243,indian names,indian names,243,http://surnames.behindthename.com/names/usage/german,HAUSLER
webpage/url:http://surnames.behindthename.com/names/usage/german|,244,indian names,indian names,244,http://surnames.behindthename.com/names/usage/german,HAVENER
webpage/url:http://surnames.behindthename.com/names/usage/german|,245,indian names,indian names,245,http://surnames.behindthename.com/names/usage/german,HEIDRICH
webpage/url:http://surnames.behindthename.com/names/usage/german|,246,indian names,indian names,246,http://surnames.behindthename.com/names/usage/german,HEINRICH
webpage/url:http://surnames.behindthename.com/names/usage/german|,247,indian names,indian names,247,http://surnames.behindthename.com/names/usage/german,HEINRICHS
webpage/url:http://surnames.behindthename.com/names/usage/german|,248,indian names,indian names,248,http://surnames.behindthename.com/names/usage/german,HEINTZE
webpage/url:http://surnames.behindthename.com/names/usage/german|,249,indian names,indian names,249,http://surnames.behindthename.com/names/usage/german,HELLEWEGE
webpage/url:http://surnames.behindthename.com/names/usage/german|,250,indian names,indian names,250,http://surnames.behindthename.com/names/usage/german,HEPPENHEIMER
webpage/url:http://surnames.behindthename.com/names/usage/german|,251,indian names,indian names,251,http://surnames.behindthename.com/names/usage/german,HERBERT
webpage/url:http://surnames.behindthename.com/names/usage/german|,252,indian names,indian names,252,http://surnames.behindthename.com/names/usage/german,HERMANN
webpage/url:http://surnames.behindthename.com/names/usage/german|,253,indian names,indian names,253,http://surnames.behindthename.com/names/usage/german,HERRMANN
webpage/url:http://surnames.behindthename.com/names/usage/german|,254,indian names,indian names,254,http://surnames.behindthename.com/names/usage/german,HERSCHEL
webpage/url:http://surnames.behindthename.com/names/usage/german|,255,indian names,indian names,255,http://surnames.behindthename.com/names/usage/german,HERTZ
webpage/url:http://surnames.behindthename.com/names/usage/german|,256,indian names,indian names,256,http://surnames.behindthename.com/names/usage/german,HILDEBRAND
webpage/url:http://surnames.behindthename.com/names/usage/german|,257,indian names,indian names,257,http://surnames.behindthename.com/names/usage/german,HINRICHS
webpage/url:http://surnames.behindthename.com/names/usage/german|,258,indian names,indian names,258,http://surnames.behindthename.com/names/usage/german,HINTZEN
webpage/url:http://surnames.behindthename.com/names/usage/german|,259,indian names,indian names,259,http://surnames.behindthename.com/names/usage/german,HIRSCH (1)
webpage/url:http://surnames.behindthename.com/names/usage/german|,260,indian names,indian names,260,http://surnames.behindthename.com/names/usage/german,HOCH
webpage/url:http://surnames.behindthename.com/names/usage/german|,261,indian names,indian names,261,http://surnames.behindthename.com/names/usage/german,HOCHBERG
webpage/url:http://surnames.behindthename.com/names/usage/german|,262,indian names,indian names,262,http://surnames.behindthename.com/names/usage/german,HOEFLER
webpage/url:http://surnames.behindthename.com/names/usage/german|,263,indian names,indian names,263,http://surnames.behindthename.com/names/usage/german,HOFER
webpage/url:http://surnames.behindthename.com/names/usage/german|,264,indian names,indian names,264,http://surnames.behindthename.com/names/usage/german,HOFFMAN
webpage/url:http://surnames.behindthename.com/names/usage/german|,265,indian names,indian names,265,http://surnames.behindthename.com/names/usage/german,HOFFMANN
webpage/url:http://surnames.behindthename.com/names/usage/german|,266,indian names,indian names,266,http://surnames.behindthename.com/names/usage/german,HÖFLER
webpage/url:http://surnames.behindthename.com/names/usage/german|,267,indian names,indian names,267,http://surnames.behindthename.com/names/usage/german,HOFMANN
webpage/url:http://surnames.behindthename.com/names/usage/german|,268,indian names,indian names,268,http://surnames.behindthename.com/names/usage/german,HOFMEISTER
webpage/url:http://surnames.behindthename.com/names/usage/german|,269,indian names,indian names,269,http://surnames.behindthename.com/names/usage/german,HOLST
webpage/url:http://surnames.behindthename.com/names/usage/german|,270,indian names,indian names,270,http://surnames.behindthename.com/names/usage/german,HOLTZER
webpage/url:http://surnames.behindthename.com/names/usage/german|,271,indian names,indian names,271,http://surnames.behindthename.com/names/usage/german,HÖLZER
webpage/url:http://surnames.behindthename.com/names/usage/german|,272,indian names,indian names,272,http://surnames.behindthename.com/names/usage/german,HOLZER
webpage/url:http://surnames.behindthename.com/names/usage/german|,273,indian names,indian names,273,http://surnames.behindthename.com/names/usage/german,HOLZKNECHT
webpage/url:http://surnames.behindthename.com/names/usage/german|,274,indian names,indian names,274,http://surnames.behindthename.com/names/usage/german,HOLZMANN
webpage/url:http://surnames.behindthename.com/names/usage/german|,275,indian names,indian names,275,http://surnames.behindthename.com/names/usage/german,HOOVER
webpage/url:http://surnames.behindthename.com/names/usage/german|,276,indian names,indian names,276,http://surnames.behindthename.com/names/usage/german,HORN (1)
webpage/url:http://surnames.behindthename.com/names/usage/german|,277,indian names,indian names,277,http://surnames.behindthename.com/names/usage/german,HORN (2)
webpage/url:http://surnames.behindthename.com/names/usage/german|,278,indian names,indian names,278,http://surnames.behindthename.com/names/usage/german,HOROWITZ
webpage/url:http://surnames.behindthename.com/names/usage/german|,279,indian names,indian names,279,http://surnames.behindthename.com/names/usage/german,HOUK
webpage/url:http://surnames.behindthename.com/names/usage/german|,280,indian names,indian names,280,http://surnames.behindthename.com/names/usage/german,HÜBER
webpage/url:http://surnames.behindthename.com/names/usage/german|,281,indian names,indian names,281,http://surnames.behindthename.com/names/usage/german,HUBER
webpage/url:http://surnames.behindthename.com/names/usage/german|,282,indian names,indian names,282,http://surnames.behindthename.com/names/usage/german,HUFF
webpage/url:http://surnames.behindthename.com/names/usage/german|,283,indian names,indian names,283,http://surnames.behindthename.com/names/usage/german,HUFFMAN
webpage/url:http://surnames.behindthename.com/names/usage/german|,284,indian names,indian names,284,http://surnames.behindthename.com/names/usage/german,HUFFMANN
webpage/url:http://surnames.behindthename.com/names/usage/german|,285,indian names,indian names,285,http://surnames.behindthename.com/names/usage/german,HUMMEL (1)
webpage/url:http://surnames.behindthename.com/names/usage/german|,286,indian names,indian names,286,http://surnames.behindthename.com/names/usage/german,HUMMEL (2)
webpage/url:http://surnames.behindthename.com/names/usage/german|,287,indian names,indian names,287,http://surnames.behindthename.com/names/usage/german,HUTMACHER
webpage/url:http://surnames.behindthename.com/names/usage/german|,288,indian names,indian names,288,http://surnames.behindthename.com/names/usage/german,INGERSLEBEN
webpage/url:http://surnames.behindthename.com/names/usage/german|,289,indian names,indian names,289,http://surnames.behindthename.com/names/usage/german,JAEGER
webpage/url:http://surnames.behindthename.com/names/usage/german|,290,indian names,indian names,290,http://surnames.behindthename.com/names/usage/german,JÄGER
webpage/url:http://surnames.behindthename.com/names/usage/german|,291,indian names,indian names,291,http://surnames.behindthename.com/names/usage/german,JAGER
webpage/url:http://surnames.behindthename.com/names/usage/german|,292,indian names,indian names,292,http://surnames.behindthename.com/names/usage/german,JANS
webpage/url:http://surnames.behindthename.com/names/usage/german|,293,indian names,indian names,293,http://surnames.behindthename.com/names/usage/german,JANSON
webpage/url:http://surnames.behindthename.com/names/usage/german|,294,indian names,indian names,294,http://surnames.behindthename.com/names/usage/german,JANZ
webpage/url:http://surnames.behindthename.com/names/usage/german|,295,indian names,indian names,295,http://surnames.behindthename.com/names/usage/german,JOLLENBECK
webpage/url:http://surnames.behindthename.com/names/usage/german|,296,indian names,indian names,296,http://surnames.behindthename.com/names/usage/german,JORDAN (1)
webpage/url:http://surnames.behindthename.com/names/usage/german|,297,indian names,indian names,297,http://surnames.behindthename.com/names/usage/german,JUND
webpage/url:http://surnames.behindthename.com/names/usage/german|,298,indian names,indian names,298,http://surnames.behindthename.com/names/usage/german,JUNG
webpage/url:http://surnames.behindthename.com/names/usage/german|,299,indian names,indian names,299,http://surnames.behindthename.com/names/usage/german,JUNGE
webpage/url:http://surnames.behindthename.com/names/usage/german|,300,indian names,indian names,300,http://surnames.behindthename.com/names/usage/german,KAHLER