name,category
NGUYEN,1
LEE,1
KIM,1
PATEL,1
TRAN,1
CHEN,1
WONG,1
LE,1
YANG,1
WANG,1
CHANG,1
CHAN,1
PHAM,1
LI,1
PARK,1
SINGH,1
LIN,1
LIU,1
WU,1
HUANG,1
LAM,1
HUYNH,1
HO,1
CHOI,1
YU,1
SHAH,1
CHUNG,1
KHAN,1
ZHANG,1
VANG,1
TRUONG,1
NG,1
PHAN,1
LIM,1
XIONG,1
VU,1
CHENG,1
CHO,1
VO,1
TANG,1
NGO,1
CHU,1
LU,1
KANG,1
LY,1
HONG,1
DANG,1
HOANG,1
DO,1
CHIN,1
TAN,1
LAU,1
BUI,1
KAUR,1
HAN,1
MA,1
DUONG,1
LEUNG,1
YEE,1
SONG,1
CHEUNG,1
ALI,1
SHIN,1
AHMED,1
YI,1
THAO,1
LAI,1
HSU,1
FONG,1
REYES,1
SUN,1
CHOW,1
YOUNG,1
LIANG,1
LO,1
HWANG,1
SANTOS,1
CRUZ,1
OH,1
SHARMA,1
CHAU,1
GARCIA,1
HA,1
KUMAR,1
XU,1
DESAI,1
THOMAS,1
HU,1
LUU,1
ZHOU,1
DINH,1
YOON,1
TRINH,1
TAM,1
LUONG,1
CHONG,1
CHIU,1
ZHENG,1
CAO,1
ZHU,1
WOO,1
ZHAO,1
JUNG,1
MAI,1
KO,1
RAMOS,1
CHUN,1
HER,1
SMITH,1
KONG,1
GUPTA,1
YOO,1
DOAN,1
MOUA,1
KWON,1
PAK,1
DELACRUZ,1
TSAI,1
MEHTA,1
MENDOZA,1
TONG,1
JIANG,1
BAUTISTA,1
SHEN,1
VUE,1
SU,1
THAI,1
ENG,1
JOHNSON,1
DAO,1
CHOU,1
HUSSAIN,1
PAN,1
AHN,1
CHAO,1
KWAN,1
QUACH,1
LOR,1
RAHMAN,1
FERNANDEZ,1
CHA,1
YAN,1
VUONG,1
CHIANG,1
LEONG,1
HE,1
FLORES,1
FUNG,1
DONG,1
NAKAMURA,1
TO,1
CHOE,1
ONG,1
TANAKA,1
LOUIE,1
YUN,1
LOPEZ,1
TU,1
YAMAMOTO,1
MATHEW,1
DEGUZMAN,1
YUEN,1
MOON,1
FANG,1
YEUNG,1
KUO,1
RIVERA,1
SON,1
RAO,1
GONZALES,1
AHMAD,1
MOY,1
GUO,1
PANG,1
SO,1
YEH,1
PEREZ,1
AQUINO,1
GILL,1
REDDY,1
TSANG,1
WILLIAMS,1
BROWN,1
WEI,1
GEORGE,1
SATO,1
VILLANUEVA,1
FENG,1
TA,1
SAECHAO,1
LIAO,1
JOSEPH,1
MALIK,1
LUM,1
DELEON,1
CASTILLO,1
TOM,1
JAIN,1
LEW,1
JANG,1
HUNG,1
FU,1
WATANABE,1
FAN,1
AU,1
HSIEH,1
AMIN,1
GAO,1
YIP,1
PHUNG,1
CHING,1
YUAN,1
SUNG,1
TSE,1
SUH,1
LUI,1
CASTRO,1
PENG,1
CHI,1
GEE,1
YIM,1
JIN,1
AN,1
HUA,1
KAO,1
ABRAHAM,1
VAN,1
HUI,1
JOSHI,1
KWONG,1
LUO,1
PRASAD,1
MARTIN,1
JONES,1
CHOWDHURY,1
DOMINGO,1
MILLER,1
PARIKH,1
XIE,1
SHI,1
RODRIGUEZ,1
MARTINEZ,1
TORRES,1
DIEP,1
YE,1
HERNANDEZ,1
MIN,1
BEGUM,1
SUZUKI,1
HANG,1
ISLAM,1
SANCHEZ,1
QUAN,1
LA,1
DU,1
KWOK,1
DAVIS,1
YAO,1
MEI,1
TAKAHASHI,1
SYED,1
YEN,1
LEI,1
VARGHESE,1
TSENG,1
CAI,1
CHOY,1
NAM,1
HOM,1
LAW,1
SIDDIQUI,1
DAVID,1
SANTIAGO,1
WAN,1
LING,1
JOHN,1
LONG,1
YIN,1
TOLENTINO,1
SHIH,1
THACH,1
GONG,1
GANDHI,1
KING,1
BAE,1
ITO,1
DENG,1
MATSUMOTO,1
RAMIREZ,1
GUAN,1
SORIANO,1
DELROSARIO,1
MAO,1
YAMADA,1
DIZON,1
SEO,1
POON,1
SANDHU,1
ANDERSON,1
MAK,1
LAO,1
WILSON,1
IM,1
ZENG,1
TUNG,1
CHON,1
QURESHI,1
SHIM,1
KOO,1
CHEW,1
YOSHIDA,1
WEN,1
PASCUAL,1
JACOB,1
PERSAUD,1
UNG,1
VALDEZ,1
FRANCISCO,1
KU,1
SAITO,1
BHATT,1
LOW,1
YUNG,1
KOBAYASHI,1
SIU,1
TAI,1
BHAKTA,1
CORPUZ,1
WON,1
RHEE,1
SIM,1
ALAM,1
DAS,1
MAN,1
KATO,1
MUI,1
TON,1
KIMURA,1
HIGA,1
SOK,1
NAVARRO,1
CHAUDHRY,1
CHIEN,1
DIAZ,1
YOU,1
MERCADO,1
GUTIERREZ,1
KWAK,1
GU,1
SAM,1
YAP,1
SIN,1
MOHAMMED,1
JUN,1
NAIR,1
RANA,1
THOMPSON,1
TAYLOR,1
CHEA,1
LIEU,1
ROY,1
VONG,1
YONG,1
MIRANDA,1
IQBAL,1
GOMEZ,1
HOU,1
OSHIRO,1
XIAO,1
TAO,1
MEDINA,1
SHAIKH,1
JEONG,1
MORALES,1
TING,1
GO,1
CHUA,1
BHATIA,1
IGNACIO,1
SASAKI,1
PAUL,1
OCAMPO,1
JAVIER,1
DHILLON,1
TSUI,1
MOORE,1
HAYASHI,1
ZHONG,1
PASCUA,1
VERMA,1
KOH,1
MANUEL,1
VELASCO,1
YAU,1
MAR,1
FERNANDO,1
WHITE,1
TENG,1
HOSSAIN,1
SHETH,1
DEJESUS,1
SHEIKH,1
LOO,1
KAM,1
DEVERA,1
DING,1
HASAN,1
TRIEU,1
ANGELES,1
DAI,1
DAVE,1
YAMAGUCHI,1
JIMENEZ,1
KUNG,1
FERRER,1
ANTONIO,1
CHUANG,1
JOSE,1
BANG,1
GREWAL,1
ESPIRITU,1
MURAKAMI,1
SIDHU,1
SALVADOR,1
ENRIQUEZ,1
MAHMOOD,1
OU,1
ARORA,1
AGARWAL,1
SILVA,1
SAKAMOTO,1
LEWIS,1
NI,1
SAMUEL,1
SZETO,1
HALL,1
GONZALEZ,1
LAY,1
UDDIN,1
TRIVEDI,1
HASHIMOTO,1
SHIMIZU,1
CLARK,1
UY,1
FUJIMOTO,1
HAM,1
MARQUEZ,1
HASSAN,1
WENG,1
CHAI,1
GUERRERO,1
IKEDA,1
KAN,1
AGUILAR,1
GIANG,1
ASUNCION,1
AGUSTIN,1
SRINIVASAN,1
EVANGELISTA,1
MARIANO,1
SY,1
MISTRY,1
CORTEZ,1
INOUYE,1
HENG,1
ANCHETA,1
KEO,1
HARRIS,1
NISHIMURA,1
PINEDA,1
TSAO,1
NAKAGAWA,1
LAL,1
HSIAO,1
DELOSSANTOS,1
PAIK,1
DELOSREYES,1
NELSON,1
SAELEE,1
SISON,1
SINHA,1
SARMIENTO,1
JACKSON,1
ROMERO,1
MIRZA,1
PERALTA,1
YAMASHITA,1
KUANG,1
CABRERA,1
KANESHIRO,1
CONCEPCION,1
ABE,1
MANALO,1
MO,1
JI,1
JO,1
SETO,1
PANDYA,1
MORI,1
HAHN,1
ANG,1
CHACKO,1
JEON,1
MANN,1
FUJII,1
ALVAREZ,1
PAREKH,1
CHANDRA,1
MOK,1
OKAMOTO,1
BHATTI,1
KAPOOR,1
SHAW,1
KULKARNI,1
JOO,1
MAH,1
LOU,1
QIU,1
ALLEN,1
JAMES,1
CHAE,1
KRISHNAN,1
VYAS,1
REN,1
AKHTAR,1
SAKAI,1
SAEPHAN,1
ROBINSON,1
BAKER,1
ADAMS,1
SHAO,1
BANH,1
PAI,1
LIEN,1
GHOSH,1
ONO,1
ABAD,1
JOE,1
XIA,1
MIYAMOTO,1
BAEK,1
ACOSTA,1
SALAZAR,1
TRANG,1
DAM,1
VALENCIA,1
IYER,1
NAKANO,1
CHOUDHURY,1
SAETERN,1
ZOU,1
HUH,1
RUIZ,1
MATSUDA,1
PHILIP,1
SAINI,1
WRIGHT,1
ALEXANDER,1
WALKER,1
TRINIDAD,1
SOHN,1
MENG,1
LAN,1
SHU,1
BAIG,1
HILL,1
HAQUE,1
RASHID,1
TIEU,1
SUBRAMANIAN,1
SCOTT,1
ALCANTARA,1
RAI,1
ROBERTS,1
LEGASPI,1
PHU,1
GUZMAN,1
BYUN,1
PADILLA,1
MALHOTRA,1
TIEN,1
ANAND,1
BAINS,1
KARIM,1
ZHEN,1
SAMSON,1
MAEDA,1
OGAWA,1
SENG,1
HYUN,1
GALANG,1
ANDRES,1
SHUM,1
OKADA,1
KHANG,1
BERNARDO,1
GABRIEL,1
NAIK,1
ESTRADA,1
MOLINA,1
SHUKLA,1
AGRAWAL,1
ANSARI,1
BUTT,1
MODI,1
THAKKAR,1
OTA,1
CHEE,1
KHANNA,1
RAY,1
CHAND,1
RO,1
KAPADIA,1
HONDA,1
HARADA,1
TOY,1
CAMPBELL,1
ZAMAN,1
DANIEL,1
QIAN,1
LOH,1
DHALIWAL,1
LUK,1
PHILLIPS,1
TAMURA,1
TAING,1
ISHII,1
SERRANO,1
TIAN,1
JU,1
MORITA,1
CHOPRA,1
MONG,1
CUI,1
PARMAR,1
RIZVI,1
YAMASAKI,1
IP,1
SONI,1
LUNA,1
MOHAN,1
CHINN,1
MARK,1
YING,1
FAJARDO,1
ROSARIO,1
YUE,1
RAM,1
MERCHANT,1
MOHAMED,1
AOKI,1
FUJITA,1
SIMON,1
LOWE,1
VERGARA,1
SUM,1
DECASTRO,1
AZIZ,1
MUN,1
HUSAIN,1
ORTIZ,1
SEN,1
HASEGAWA,1
ISHIKAWA,1
BORJA,1
HUR,1
ARAKAKI,1
GAN,1
BAI,1
DSOUZA,1
RUAN,1
MITCHELL,1
VIRAY,1
PETERSON,1
VENTURA,1
MIYASHIRO,1
PARKER,1
MASUDA,1
MENON,1
HERRERA,1
MATHEWS,1
DOSHI,1
CARTER,1
RAZA,1
XUE,1
SITU,1
GREEN,1
WADA,1
LANG,1
MISHRA,1
KHUU,1
GARG,1
SRIVASTAVA,1
SETHI,1
RYU,1
NARAYAN,1
NAKAMOTO,1
EVANS,1
DELAROSA,1
CO,1
FUKUDA,1
CAMACHO,1
MATHUR,1
LUCAS,1
NAKASHIMA,1
LUC,1
MOHAMMAD,1
GOMES,1
SAN,1
MORRIS,1
WHANG,1
ENDO,1
BRAR,1
REHMAN,1
FERNANDES,1
NGAI,1
GOTO,1
ZAIDI,1
MALLARI,1
NAKAYAMA,1
NATIVIDAD,1
CHAUHAN,1
ROSALES,1
SEE,1
COOK,1
LORENZO,1
MURPHY,1
YOSHIMURA,1
CHOO,1
PANGILINAN,1
NAKATA,1
BANERJEE,1
KELLY,1
PAL,1
THAN,1
VARUGHESE,1
EDWARDS,1
BRIONES,1
CHE,1
CARLOS,1
ROBLES,1
WOOD,1
HIRATA,1
MAC,1
HAMADA,1
AGGARWAL,1
SOM,1
NOH,1
PATIL,1
SAETEURN,1
SEBASTIAN,1
NICOLAS,1
THOR,1
CHERIAN,1
INOUE,1
ROGERS,1
SOOHOO,1
CHAWLA,1
LAKHANI,1
CHUI,1
DY,1
CARINO,1
AUSTRIA,1
QU,1
ODA,1
MOMIN,1
BELTRAN,1
MACH,1
ANWAR,1
KONDO,1
ROQUE,1
JUAN,1
MIGUEL,1
TAMAYO,1
NOMURA,1
DOI,1
KAWAMOTO,1
TAKEUCHI,1
MEAS,1
PAEK,1
STEWART,1
PERERA,1
RAJAN,1
QIN,1
JAN,1
CHEEMA,1
PRAKASH,1
COLLINS,1
NO,1
MATEO,1
GIN,1
YOUN,1
TSO,1
NAGATA,1
MORGAN,1
SALES,1
YAM,1
CHEONG,1
KURIAN,1
DALAL,1
RANDHAWA,1
CORDERO,1
GOEL,1
MATHAI,1
JEW,1
PATHAK,1
HARA,1
WATSON,1
SHENG,1
CHAUDHARY,1
HAO,1
UM,1
MUKHERJEE,1
VORA,1
KUE,1
KOTHARI,1
HSIA,1
AUYEUNG,1
ASHRAF,1
RAJ,1
RAJA,1
CUNANAN,1
TAT,1
VILLEGAS,1
TURNER,1
KAWAMURA,1
VASQUEZ,1
SAXENA,1
SULTANA,1
SHIMABUKURO,1
BHAT,1
KUBOTA,1
YOKOYAMA,1
BARTOLOME,1
CHAVEZ,1
QUON,1
PILLAI,1
KHALID,1
LIOU,1
ATIENZA,1
ESGUERRA,1
SHANKAR,1
SAEED,1
ZAMORA,1
LOK,1
BELL,1
KINOSHITA,1
CRISOSTOMO,1
SAHA,1
ISHIDA,1
GAMBOA,1
GUEVARRA,1
COOPER,1
MIURA,1
MORIMOTO,1
CHIA,1
TUAZON,1
REED,1
MENDIOLA,1
YOSHIOKA,1
OGATA,1
CANLAS,1
BALLESTEROS,1
BAILEY,1
NISHIMOTO,1
BALTAZAR,1
SHRESTHA,1
JEN,1
JUE,1
ASLAM,1
YEO,1
VILORIA,1
RAMAN,1
BAJWA,1
CAMPOS,1
CHATTERJEE,1
PADUA,1
UYEDA,1
PHUONG,1
PETERS,1
QI,1
ESPINOSA,1
SALEEM,1
RAMACHANDRAN,1
GRAY,1
VARGAS,1
HUEY,1
TANIGUCHI,1
DESILVA,1
OUYANG,1
MUNOZ,1
HAQ,1
PENA,1
VALENZUELA,1
SOOD,1
ABBAS,1
SARKAR,1
AHUJA,1
THONG,1
OKAMURA,1
ORTEGA,1
MURTHY,1
RODRIGUES,1
KHATRI,1
NARAYANAN,1
FOSTER,1
CASTANEDA,1
WARD,1
PABLO,1
MANZANO,1
ROSS,1
MIAO,1
SHIEH,1
SHETTY,1
SZE,1
MAGNO,1
MURATA,1
UCHIDA,1
RAJU,1
SHIBATA,1
ROXAS,1
SUAREZ,1
VELASQUEZ,1
ESTEBAN,1
SULLIVAN,1
COX,1
SALAS,1
HIGASHI,1
BROOKS,1
BLANCO,1
KAWAKAMI,1
GOYAL,1
VARMA,1
KHA,1
ALFONSO,1
KAWASAKI,1
HAIDER,1
TOMITA,1
SUEN,1
BENNETT,1
NHAN,1
DESHPANDE,1
GOO,1
PERRY,1
PURI,1
LUNG,1
ARELLANO,1
SIDDIQI,1
THAM,1
DATTA,1
HOWARD,1
YAMAUCHI,1
AGUINALDO,1
SEVILLA,1
DOMINGUEZ,1
STEVENS,1
PRICE,1
PON,1
IN,1
JIA,1
MEJIA,1
CUSTODIO,1
MAY,1
PEREIRA,1
BHAGAT,1
MITRA,1
CHANTHAVONG,1
PHO,1
TAKEDA,1
GUILLERMO,1
ING,1
ALONZO,1
HIRANO,1
SOLOMON,1
NGUY,1
PASION,1
GOH,1
SOLIS,1
TRAM,1
MIAH,1
FOO,1
MATSUMURA,1
FRANCO,1
MORENO,1
SAO,1
VOONG,1
FRANCIS,1
LAZARO,1
SETH,1
NAKASONE,1
NISHIDA,1
SPENCER,1
GALVEZ,1
OUK,1
RUSSELL,1
SHAN,1
NGHIEM,1
CRISTOBAL,1
HENRY,1
KEE,1
GARCIA,2
RODRIGUEZ,2
MARTINEZ,2
HERNANDEZ,2
LOPEZ,2
GONZALEZ,2
PEREZ,2
SANCHEZ,2
RAMIREZ,2
TORRES,2
FLORES,2
RIVERA,2
GOMEZ,2
DIAZ,2
REYES,2
MORALES,2
CRUZ,2
ORTIZ,2
GUTIERREZ,2
CHAVEZ,2
RAMOS,2
GONZALES,2
RUIZ,2
ALVAREZ,2
MENDOZA,2
VASQUEZ,2
CASTILLO,2
JIMENEZ,2
MORENO,2
ROMERO,2
HERRERA,2
MEDINA,2
AGUILAR,2
GARZA,2
CASTRO,2
VARGAS,2
FERNANDEZ,2
GUZMAN,2
MUNOZ,2
MENDEZ,2
SALAZAR,2
SOTO,2
DELGADO,2
PENA,2
RIOS,2
ALVARADO,2
SANDOVAL,2
CONTRERAS,2
VALDEZ,2
GUERRERO,2
ORTEGA,2
ESTRADA,2
NUNEZ,2
MALDONADO,2
VEGA,2
VAZQUEZ,2
SANTIAGO,2
DOMINGUEZ,2
ESPINOZA,2
SILVA,2
PADILLA,2
MARQUEZ,2
CORTEZ,2
ROJAS,2
ACOSTA,2
FIGUEROA,2
LUNA,2
JUAREZ,2
NAVARRO,2
CAMPOS,2
MOLINA,2
AVILA,2
AYALA,2
MEJIA,2
CARRILLO,2
DURAN,2
SANTOS,2
SALINAS,2
ROBLES,2
SOLIS,2
LARA,2
CERVANTES,2
AGUIRRE,2
DELEON,2
OCHOA,2
MIRANDA,2
CARDENAS,2
TRUJILLO,2
VELASQUEZ,2
FUENTES,2
CABRERA,2
LEON,2
RIVAS,2
MONTOYA,2
CALDERON,2
COLON,2
SERRANO,2
GALLEGOS,2
ROSALES,2
CASTANEDA,2
VILLARREAL,2
GUERRA,2
TREVINO,2
PACHECO,2
IBARRA,2
VALENCIA,2
MACIAS,2
CAMACHO,2
SALAS,2
OROZCO,2
ROMAN,2
ZAMORA,2
SUAREZ,2
FRANCO,2
BARRERA,2
MERCADO,2
SANTANA,2
VALENZUELA,2
ESCOBAR,2
RANGEL,2
MELENDEZ,2
VELEZ,2
LOZANO,2
VELAZQUEZ,2
SMITH,2
ARIAS,2
MORA,2
DELACRUZ,2
GALVAN,2
ZUNIGA,2
CANTU,2
VILLANUEVA,2
MEZA,2
ACEVEDO,2
CISNEROS,2
ARROYO,2
PINEDA,2
ANDRADE,2
TAPIA,2
SOSA,2
VILLA,2
ROCHA,2
RUBIO,2
ZAVALA,2
MONTES,2
PONCE,2
BONILLA,2
ARELLANO,2
ROSARIO,2
DAVILA,2
VILLEGAS,2
HUERTA,2
MATA,2
BELTRAN,2
BARAJAS,2
BENITEZ,2
ESPARZA,2
CORDOVA,2
MURILLO,2
SALGADO,2
ROSAS,2
CUEVAS,2
PALACIOS,2
GUEVARA,2
QUINTERO,2
JOHNSON,2
LUCERO,2
MEDRANO,2
BAUTISTA,2
MARTIN,2
LUGO,2
DEJESUS,2
ESPINOSA,2
MARIN,2
CORTES,2
MAGANA,2
QUINTANA,2
CORONA,2
TREJO,2
BERNAL,2
NIEVES,2
VILLALOBOS,2
ENRIQUEZ,2
REYNA,2
JARAMILLO,2
SAENZ,2
QUINONES,2
DELAROSA,2
AVALOS,2
ESQUIVEL,2
WILLIAMS,2
NAVA,2
CANO,2
BRAVO,2
DUARTE,2
GALINDO,2
CORREA,2
PARRA,2
RODRIQUEZ,2
SALDANA,2
LEAL,2
SIERRA,2
BLANCO,2
BECERRA,2
BROWN,2
CARRASCO,2
PORTILLO,2
TOVAR,2
ALFARO,2
VERA,2
ZAPATA,2
MUNIZ,2
CARDONA,2
VIGIL,2
SAUCEDO,2
BAEZ,2
HURTADO,2
AMAYA,2
ESCOBEDO,2
PERALTA,2
ARREDONDO,2
AGUILERA,2
ZEPEDA,2
ROSADO,2
HINOJOSA,2
RENTERIA,2
GALLARDO,2
BARRIOS,2
FELIX,2
CASTELLANOS,2
BACA,2
SEGURA,2
JONES,2
GUILLEN,2
CORDERO,2
CHACON,2
VALLE,2
CORONADO,2
DELATORRE,2
VELA,2
MORAN,2
ALONSO,2
VELASCO,2
MADRIGAL,2
CARRANZA,2
QUIROZ,2
ROMO,2
MADRID,2
MONTANO,2
SERNA,2
YBARRA,2
CABALLERO,2
BURGOS,2
VENTURA,2
OLVERA,2
ROSA,2
VARELA,2
LEYVA,2
QUEZADA,2
BERMUDEZ,2
BENAVIDES,2
ARAGON,2
AVILES,2
URIBE,2
DAVIS,2
PAGAN,2
PAREDES,2
OSORIO,2
YANEZ,2
NIETO,2
CARMONA,2
GRANADOS,2
GIL,2
MONTALVO,2
CASILLAS,2
LUJAN,2
BUSTAMANTE,2
MILLER,2
RICO,2
BARRON,2
ANAYA,2
ORNELAS,2
OLIVARES,2
CANALES,2
GAMEZ,2
CUELLAR,2
LEMUS,2
PRADO,2
BARRAGAN,2
PAZ,2
PINA,2
REYNOSO,2
VALADEZ,2
NAVARRETE,2
OTERO,2
ALEMAN,2
MARRERO,2
OLIVAS,2
OJEDA,2
AREVALO,2
FONSECA,2
QUINTANILLA,2
SOLANO,2
ESCAMILLA,2
FELICIANO,2
TELLEZ,2
SEPULVEDA,2
ORELLANA,2
ARREOLA,2
BETANCOURT,2
CARBAJAL,2
AMADOR,2
SOTELO,2
HIDALGO,2
OCAMPO,2
RENDON,2
VENEGAS,2
NEGRON,2
BANUELOS,2
WILSON,2
PATINO,2
CAVAZOS,2
TORREZ,2
MATOS,2
CASAS,2
GODINEZ,2
VALDES,2
LONGORIA,2
LEDESMA,2
ALANIZ,2
ARANDA,2
PRIETO,2
VALLEJO,2
POLANCO,2
ZARATE,2
PULIDO,2
ARCE,2
BARRAZA,2
MENA,2
ALONZO,2
GAMBOA,2
ARTEAGA,2
ESCALANTE,2
VALENTIN,2
GALVEZ,2
BRITO,2
CERDA,2
ZARAGOZA,2
NEVAREZ,2
CHAVARRIA,2
SALDIVAR,2
CORRAL,2
SAAVEDRA,2
ANDERSON,2
MARROQUIN,2
CHAPA,2
MIRELES,2
CRESPO,2
ARRIAGA,2
COVARRUBIAS,2
SALCEDO,2
HOLGUIN,2
MOYA,2
ALCALA,2
LINARES,2
HEREDIA,2
THOMAS,2
CEJA,2
BARRIENTOS,2
APONTE,2
TAYLOR,2
MONTANEZ,2
NAJERA,2
RODRIGUES,2
CORNEJO,2
ALARCON,2
ONTIVEROS,2
ANGUIANO,2
SORIANO,2
PIMENTEL,2
ELIZONDO,2
ZAMBRANO,2
RINCON,2
MONDRAGON,2
CAZARES,2
ROBLEDO,2
ACUNA,2
BUENO,2
BUSTOS,2
ADAME,2
BALDERAS,2
DELOSSANTOS,2
TOLEDO,2
VALDIVIA,2
NARANJO,2
PERALES,2
DELGADILLO,2
PUENTE,2
FRIAS,2
VIDAL,2
MOORE,2
THOMPSON,2
GUAJARDO,2
NEGRETE,2
COLLAZO,2
ABREU,2
CEBALLOS,2
JAIMES,2
BATISTA,2
IRIZARRY,2
JACKSON,2
ESPINAL,2
CARRERA,2
TAMAYO,2
PANTOJA,2
OLIVA,2
WHITE,2
ESPINO,2
BENAVIDEZ,2
ORDONEZ,2
NORIEGA,2
ALMANZA,2
URBINA,2
LIMON,2
GAYTAN,2
MONTERO,2
ARCHULETA,2
ARMENTA,2
BANDA,2
FARIAS,2
TEJEDA,2
MOJICA,2
FIERRO,2
SOLORZANO,2
VILLASENOR,2
MESA,2
MARES,2
TIRADO,2
LIRA,2
AGUAYO,2
LERMA,2
ARGUETA,2
PALMA,2
JAIME,2
AQUINO,2
ALICEA,2
CLARK,2
SORIA,2
SOLORIO,2
JASSO,2
VALLES,2
GARIBAY,2
CINTRON,2
CENTENO,2
PRECIADO,2
LOERA,2
MACHADO,2
HENRIQUEZ,2
BRIONES,2
ARMENDARIZ,2
GIRON,2
LOMELI,2
CARABALLO,2
ELIAS,2
BERRIOS,2
BARBOSA,2
GARAY,2
TEJADA,2
HARRIS,2
LOYA,2
ANGULO,2
REGALADO,2
APODACA,2
MOTA,2
DUENAS,2
JAUREGUI,2
SEGOVIA,2
ROBINSON,2
ULLOA,2
ARAUJO,2
MONROY,2
ROLDAN,2
PORRAS,2
PADRON,2
CADENA,2
VERGARA,2
LEWIS,2
ALCANTAR,2
DELAGARZA,2
FERRER,2
DELVALLE,2
MUNGUIA,2
FAJARDO,2
PEDRAZA,2
SANTILLAN,2
LEE,2
RAZO,2
APARICIO,2
WALKER,2
CABRAL,2
CARLOS,2
ANGEL,2
SALCIDO,2
QUINONEZ,2
ROQUE,2
SAUCEDA,2
YOUNG,2
ESTRELLA,2
FALCON,2
CARREON,2
BRISENO,2
FLOREZ,2
LLAMAS,2
CEPEDA,2
OLIVAREZ,2
CAMARENA,2
ALTAMIRANO,2
RUELAS,2
BOTELLO,2
RESENDEZ,2
URENA,2
MILLAN,2
ALBA,2
PEREA,2
ALLEN,2
RUVALCABA,2
SIFUENTES,2
PEDROZA,2
RAMON,2
TERRAZAS,2
CORRALES,2
GUARDADO,2
ALCARAZ,2
RESENDIZ,2
MONTIEL,2
MENENDEZ,2
SOLIZ,2
CACERES,2
ALMONTE,2
ADAMS,2
AMARO,2
VILLAREAL,2
LORENZO,2
GALARZA,2
ZELAYA,2
CAMARILLO,2
BOLANOS,2
ARENAS,2
JACOBO,2
MONTEZ,2
VILLAGOMEZ,2
GODOY,2
ZAMUDIO,2
LANDEROS,2
CURIEL,2
ALANIS,2
KING,2
SERRATO,2
ACEVES,2
OCASIO,2
NARVAEZ,2
TAFOYA,2
GREEN,2
SCOTT,2
AMBRIZ,2
LARIOS,2
OROSCO,2
CARRION,2
VALLADARES,2
ESTEVEZ,2
MONTENEGRO,2
NINO,2
PICHARDO,2
NELSON,2
TELLO,2
HERNANDES,2
LEBRON,2
BELLO,2
PAEZ,2
OLGUIN,2
TIJERINA,2
MANZO,2
MARTINES,2
TORO,2
CALVILLO,2
IGLESIAS,2
ECHEVARRIA,2
TRINIDAD,2
HILL,2
RIVERO,2
CEDILLO,2
LAZO,2
WRIGHT,2
GRIEGO,2
HALL,2
LUCIO,2
VALERIO,2
MACIEL,2
BALTAZAR,2
PANIAGUA,2
SANCHES,2
DELUNA,2
DELRIO,2
MATEO,2
VIERA,2
OLMOS,2
INFANTE,2
MIRAMONTES,2
PARTIDA,2
OLIVO,2
MAESTAS,2
ROJO,2
BARBA,2
MAYORGA,2
RODARTE,2
CONCEPCION,2
TAVAREZ,2
INIGUEZ,2
MERINO,2
PALOMINO,2
BADILLO,2
PARDO,2
ALDANA,2
ARMIJO,2
GAONA,2
LEDEZMA,2
TAVERAS,2
DEANDA,2
CEDENO,2
MOSQUEDA,2
SANTAMARIA,2
VALDOVINOS,2
CHAVIRA,2
MAYA,2
JURADO,2
CAMPBELL,2
AVINA,2
PEREIRA,2
BAHENA,2
LOZA,2
SARMIENTO,2
BAKER,2
BALLESTEROS,2
GRACIA,2
TINOCO,2
MARISCAL,2
PERDOMO,2
MENDIOLA,2
MITCHELL,2
RUEDA,2
MENCHACA,2
SANABRIA,2
BAEZA,2
MONTELONGO,2
ALFONSO,2
CANDELARIA,2
COTA,2
MORIN,2
TAMEZ,2
ARGUELLO,2
RODAS,2
CARDOZA,2
BARRETO,2
ECHEVERRIA,2
VALVERDE,2
COLLADO,2
ARANA,2
NOLASCO,2
ROBERTS,2
CARVAJAL,2
PAULINO,2
MADERA,2
MERAZ,2
CAMARGO,2
PINTO,2
ISLAS,2
MAGALLANES,2
PLASCENCIA,2
VILLALPANDO,2
BARELA,2
QUESADA,2
ALCANTARA,2
SANTOYO,2
JORDAN,2
ANGELES,2
LOVATO,2
RAMIRES,2
FRAUSTO,2
SARABIA,2
LOZADA,2
ZAYAS,2
PHILLIPS,2
FRANCISCO,2
JAQUEZ,2
LIMA,2
CARTER,2
PALACIO,2
CARTAGENA,2
MANRIQUEZ,2
SAMANIEGO,2
PELAYO,2
MONTEMAYOR,2
VILLATORO,2
JARA,2
SANTACRUZ,2
MONCADA,2
CASAREZ,2
ABARCA,2
GRIJALVA,2
MORRIS,2
MAGDALENO,2
URIAS,2
PUENTES,2
PINO,2
CONDE,2
MATIAS,2
ALMARAZ,2
VACA,2
EVANS,2
CASANOVA,2
GAITAN,2
TERAN,2
ORTA,2
ROGERS,2
ZAMARRIPA,2
OSUNA,2
EDWARDS,2
RESTREPO,2
OVIEDO,2
QUILES,2
MORGAN,2
MARTE,2
COLLINS,2
CASTELLON,2
ROYBAL,2
OVALLE,2
BORREGO,2
VELARDE,2
CASTANON,2
DELTORO,2
PALOMO,2
QUEVEDO,2
HARO,2
GALICIA,2
FAVELA,2
BAZAN,2
STEWART,2
LEIVA,2
PARADA,2
LOREDO,2
BARAHONA,2
ORDAZ,2
CARRASQUILLO,2
POSADA,2
CALDERA,2
MANZANO,2
BOCANEGRA,2
ABREGO,2
MANCILLA,2
ARAIZA,2
VERDUGO,2
AMEZCUA,2
TALAVERA,2
RAYA,2
FERREIRA,2
ALEJANDRO,2
GALAN,2
GURROLA,2
IBANEZ,2
MELGAR,2
BUENROSTRO,2
ARRIOLA,2
SERVIN,2
PABON,2
OLIVERA,2
ASCENCIO,2
OZUNA,2
PUGA,2
JAMES,2
PIZARRO,2
PARKER,2
OROPEZA,2
MURO,2
MONGE,2
TURNER,2
DAVALOS,2
VELIZ,2
TENORIO,2
DESANTIAGO,2
SEVILLA,2
BEJARANO,2
VERDUZCO,2
COTTO,2
MURPHY,2
MENJIVAR,2
ARANGO,2
MANZANARES,2
PINON,2
MELCHOR,2
DELAFUENTE,2
DUQUE,2
PINEDO,2
LEIJA,2
LUCAS,2
NUNO,2
GASTELUM,2
MICHEL,2
CARRIZALES,2
GALAVIZ,2
ABEYTA,2
KELLY,2
VANEGAS,2
URRUTIA,2
LAGUNAS,2
LIZARRAGA,2
AVELAR,2
PALOMARES,2
ESCALERA,2
ORONA,2
HERMOSILLO,2
HUIZAR,2
RASCON,2
ANDINO,2
GIRALDO,2
RICHARDSON,2
NAZARIO,2
LUEVANO,2
SALVADOR,2
DIMAS,2
GARRIDO,2
MEDELLIN,2
RIOJAS,2
PETERSON,2
AGUERO,2
TOBAR,2
ALEXANDER,2
CLAUDIO,2
DELAO,2
YEPEZ,2
CHAIREZ,2
LEOS,2
MACHUCA,2
SALMERON,2
ALMAGUER,2
LORA,2
VICENTE,2
COOK,2
BARBOZA,2
BUSTILLOS,2
TOSCANO,2
GARCES,2
WARD,2
CORONEL,2
COOPER,2
MENESES,2
ESQUEDA,2
QUIROGA,2
LUIS,2
LUCIANO,2
ALVARENGA,2
ARREGUIN,2
CHAPARRO,2
BELL,2
ARVIZU,2
CARRENO,2
VIRAMONTES,2
RIZO,2
ANTONIO,2
SENA,2
CABAN,2
ARAMBULA,2
MORALEZ,2
GARDUNO,2
PAYAN,2
GASPAR,2
OBREGON,2
TARANGO,2
ROSS,2
BALDERRAMA,2
ROLON,2
GONSALEZ,2
PENALOZA,2
GUDINO,2
LANDA,2
RUBALCAVA,2
ESQUIBEL,2
CARPIO,2
WOOD,2
BEDOLLA,2
HOWARD,2
REY,2
BENNETT,2
ALEGRIA,2
BOJORQUEZ,2
TURCIOS,2
OCEGUERA,2
CASTELLANO,2
ALMEIDA,2
LOPES,2
DIAS,2
IZQUIERDO,2
BROOKS,2
BARCENAS,2
ALBARRAN,2
ALVA,2
AGOSTO,2
SANDERS,2
OQUENDO,2
REED,2
REZA,2
MACEDO,2
CARDOSO,2
MANDUJANO,2
COX,2
BAILEY,2
SANMIGUEL,2
CHAVES,2
WATSON,2
RECINOS,2
MONREAL,2
GARNICA,2
LABOY,2
CASTREJON,2
PERRY,2
DELAPAZ,2
CERVANTEZ,2
MIGUEL,2
GRANADO,2
FOSTER,2
IZAGUIRRE,2
CHARLES,2
MELGOZA,2
MONTESDEOCA,2
MALAVE,2
PERES,2
FABIAN,2
OLIVER,2
GRAY,2
DORADO,2
PERAZA,2
DURON,2
CERNA,2
GRIMALDO,2
GURULE,2
CARO,2
CAMPA,2
BERUMEN,2
LECHUGA,2
CASTANO,2
CALVO,2
HUGHES,2
LAZARO,2
MARMOLEJO,2
TALAMANTES,2
SORTO,2
GALLO,2
ENCARNACION,2
BURCIAGA,2
ZENDEJAS,2
UMANA,2
MOREIRA,2
ROA,2
OLMEDO,2
CATALAN,2
ELIZALDE,2
MAGALLON,2
GOMES,2
SAIZ,2
SARAVIA,2
COLIN,2
SISNEROS,2
SULLIVAN,2
CIFUENTES,2
RUSSELL,2
GALLEGO,2
VELOZ,2
GOVEA,2
CHAIDEZ,2
TELLES,2
PELAEZ,2
SIMON,2
ALMAZAN,2
COSME,2
PIZANO,2
SUAZO,2
PALAFOX,2
BARRIGA,2
AHUMADA,2
ARMAS,2
CASIANO,2
FREGOSO,2
GUADARRAMA,2
AGUILA,2
GUADALUPE,2
HENDERSON,2
SOLER,2
BORGES,2
SIGALA,2
COBOS,2
ALVARES,2
SMITH,3
JOHNSON,3
MILLER,3
BROWN,3
JONES,3
WILLIAMS,3
DAVIS,3
ANDERSON,3
WILSON,3
MARTIN,3
TAYLOR,3
MOORE,3
THOMPSON,3
WHITE,3
CLARK,3
THOMAS,3
HALL,3
BAKER,3
NELSON,3
ALLEN,3
YOUNG,3
HARRIS,3
KING,3
ADAMS,3
LEWIS,3
WALKER,3
WRIGHT,3
ROBERTS,3
CAMPBELL,3
JACKSON,3
PHILLIPS,3
HILL,3
SCOTT,3
ROBINSON,3
MURPHY,3
COOK,3
GREEN,3
LEE,3
EVANS,3
PETERSON,3
MORRIS,3
COLLINS,3
MITCHELL,3
PARKER,3
ROGERS,3
STEWART,3
TURNER,3
WOOD,3
CARTER,3
MORGAN,3
COX,3
KELLY,3
EDWARDS,3
BAILEY,3
WARD,3
REED,3
MYERS,3
SULLIVAN,3
COOPER,3
BENNETT,3
HUGHES,3
LONG,3
FISHER,3
PRICE,3
RUSSELL,3
HOWARD,3
GRAY,3
BELL,3
WATSON,3
REYNOLDS,3
FOSTER,3
ROSS,3
OLSON,3
RICHARDSON,3
SNYDER,3
POWELL,3
STEVENS,3
BROOKS,3
PERRY,3
WEST,3
COLE,3
WAGNER,3
MEYER,3
KENNEDY,3
BARNES,3
HAMILTON,3
GRAHAM,3
SCHMIDT,3
SANDERS,3
MCDONALD,3
PATTERSON,3
MURRAY,3
GIBSON,3
WALLACE,3
BUTLER,3
HAYES,3
BURNS,3
ELLIS,3
FOX,3
STONE,3
HENDERSON,3
WELLS,3
RYAN,3
JENKINS,3
HANSEN,3
WEBB,3
JAMES,3
JORDAN,3
GRIFFIN,3
HOFFMAN,3
HARRISON,3
ROSE,3
SIMMONS,3
MARSHALL,3
JOHNSTON,3
OWENS,3
NICHOLS,3
WEAVER,3
KELLEY,3
MILLS,3
ALEXANDER,3
TUCKER,3
PALMER,3
RICE,3
LARSON,3
SIMPSON,3
SHAW,3
CARLSON,3
HUNT,3
BLACK,3
FORD,3
PETERS,3
ARNOLD,3
ROBERTSON,3
PIERCE,3
DUNN,3
CRAWFORD,3
BRYANT,3
CARPENTER,3
PORTER,3
CARROLL,3
ELLIOTT,3
FREEMAN,3
MASON,3
FERGUSON,3
OBRIEN,3
HART,3
COLEMAN,3
WARREN,3
JENSEN,3
GARDNER,3
HICKS,3
STEPHENS,3
HENRY,3
GORDON,3
BURKE,3
WEBER,3
DUNCAN,3
RICHARDS,3
WOODS,3
HANSON,3
LANE,3
PAYNE,3
CHAPMAN,3
SCHULTZ,3
WHEELER,3
RAY,3
CUNNINGHAM,3
WALSH,3
KNIGHT,3
BISHOP,3
BOYD,3
ARMSTRONG,3
SCHNEIDER,3
HUNTER,3
SPENCER,3
LYNCH,3
MORRISON,3
RILEY,3
ANDREWS,3
BERRY,3
BRADLEY,3
PERKINS,3
HUDSON,3
WELCH,3
GILBERT,3
LAWRENCE,3
HOWELL,3
WALTERS,3
HOLMES,3
WILLIAMSON,3
JACOBS,3
DAVIDSON,3
LAWSON,3
KELLER,3
MAY,3
DIXON,3
DAY,3
CARR,3
DEAN,3
GEORGE,3
FOWLER,3
BECK,3
NEWMAN,3
HAWKINS,3
BECKER,3
BOWMAN,3
GREENE,3
HARPER,3
BREWER,3
MATTHEWS,3
POWERS,3
SCHWARTZ,3
WILLIS,3
FULLER,3
BARRETT,3
DANIELS,3
HARVEY,3
COHEN,3
CURTIS,3
WATKINS,3
HOLLAND,3
MONTGOMERY,3
AUSTIN,3
GRANT,3
GARRETT,3
ERICKSON,3
LAMBERT,3
KLEIN,3
ZIMMERMAN,3
WOLFE,3
MCCARTHY,3
STANLEY,3
BARKER,3
BURTON,3
OLIVER,3
LITTLE,3
LUCAS,3
LEONARD,3
PEARSON,3
MCCOY,3
CRAIG,3
BARNETT,3
BATES,3
GREGORY,3
HOPKINS,3
OCONNOR,3
WARNER,3
SWANSON,3
NORRIS,3
HALE,3
ROBBINS,3
HOLT,3
RHODES,3
CHRISTENSEN,3
STEELE,3
MCDANIEL,3
BENSON,3
MANN,3
SHELTON,3
LOWE,3
HIGGINS,3
FISCHER,3
DOYLE,3
GRIFFITH,3
REID,3
FRANKLIN,3
QUINN,3
FLEMING,3
SUTTON,3
BALL,3
MCLAUGHLIN,3
WOLF,3
SHARP,3
GALLAGHER,3
BOWEN,3
FITZGERALD,3
GROSS,3
SCHROEDER,3
POTTER,3
CALDWELL,3
JENNINGS,3
REEVES,3
ADKINS,3
BRADY,3
LYONS,3
MULLINS,3
WADE,3
BALDWIN,3
VAUGHN,3
MUELLER,3
CHAMBERS,3
PAGE,3
PARKS,3
BLAIR,3
FIELDS,3
PARSONS,3
FLETCHER,3
WATTS,3
SIMS,3
RAMSEY,3
HARTMAN,3
KRAMER,3
BUSH,3
HORTON,3
BAUER,3
BARBER,3
SHERMAN,3
DOUGLAS,3
GRAVES,3
CHANDLER,3
CROSS,3
BARTON,3
HARMON,3
CUMMINGS,3
FLYNN,3
TODD,3
MCKINNEY,3
GOODMAN,3
TERRY,3
CASEY,3
FRANK,3
DAWSON,3
OWEN,3
NEWTON,3
THORNTON,3
MORAN,3
SHAFFER,3
MCCORMICK,3
BURGESS,3
MCGUIRE,3
GOODWIN,3
HESS,3
NORTON,3
FRENCH,3
OSBORNE,3
MANNING,3
BOWERS,3
ROTH,3
HARRINGTON,3
OLSEN,3
ROWE,3
BYRD,3
NEAL,3
HAMMOND,3
WEISS,3
FARMER,3
WISE,3
SPARKS,3
GARNER,3
WEBSTER,3
PAUL,3
RODGERS,3
MOSS,3
GARCIA,3
PETERSEN,3
SIMON,3
HOOVER,3
HODGES,3
HAYNES,3
FRAZIER,3
MILES,3
DECKER,3
MARSH,3
MEYERS,3
STRICKLAND,3
BLAKE,3
DENNIS,3
LAMB,3
BUCHANAN,3
HOGAN,3
BROCK,3
YATES,3
COCHRAN,3
LARSEN,3
CONNER,3
LANG,3
DANIEL,3
HUBBARD,3
MAXWELL,3
WATERS,3
CANNON,3
PATTON,3
REESE,3
HARDY,3
GILL,3
MALONE,3
DRAKE,3
PRATT,3
STEVENSON,3
SHORT,3
WALL,3
FOLEY,3
SWEENEY,3
TOWNSEND,3
WILCOX,3
WILKINSON,3
HENSLEY,3
ABBOTT,3
FARRELL,3
SHEPHERD,3
SAUNDERS,3
MARTINEZ,3
NORMAN,3
MCGEE,3
BRYAN,3
MCBRIDE,3
BERG,3
COMBS,3
LOVE,3
BRENNAN,3
CAIN,3
CLINE,3
HUFFMAN,3
BALLARD,3
COBB,3
KIRBY,3
ONEILL,3
FRANCIS,3
KOCH,3
LLOYD,3
RUSSO,3
CAREY,3
CALLAHAN,3
MOODY,3
MORROW,3
UNDERWOOD,3
YORK,3
POPE,3
BOYER,3
HUFF,3
MORTON,3
SUMMERS,3
BRIGGS,3
HORN,3
KANE,3
WALTON,3
PHELPS,3
RODRIGUEZ,3
DALTON,3
PATRICK,3
CONLEY,3
KIRK,3
CURRY,3
HANCOCK,3
FLOYD,3
MACDONALD,3
YODER,3
LOGAN,3
LINDSEY,3
NICHOLSON,3
JACOBSON,3
GARRISON,3
WALTER,3
KLINE,3
ALLISON,3
SKINNER,3
SILVA,3
CHASE,3
INGRAM,3
GIBBS,3
BURNETT,3
ATKINSON,3
DILLON,3
VINCENT,3
HEATH,3
BRUCE,3
CARSON,3
STEIN,3
CLARKE,3
BOOTH,3
GREER,3
RICH,3
ODONNELL,3
HINES,3
HOOD,3
BANKS,3
POOLE,3
BERGER,3
CAMERON,3
BLANKENSHIP,3
MCCLURE,3
MASSEY,3
EATON,3
BARRY,3
RANDALL,3
DAVENPORT,3
TYLER,3
PARRISH,3
MELTON,3
DYER,3
WHITAKER,3
STOUT,3
BOND,3
ROY,3
SNOW,3
WYATT,3
SAWYER,3
KNAPP,3
BAXTER,3
HENSON,3
NOLAN,3
BARTLETT,3
SCHAEFER,3
MARKS,3
STARK,3
NIELSEN,3
CLAYTON,3
GATES,3
SEXTON,3
TATE,3
TANNER,3
BASS,3
MCKEE,3
MATHEWS,3
HERMAN,3
SHIELDS,3
STEPHENSON,3
REILLY,3
HURST,3
JOHNS,3
VANCE,3
RICHARD,3
HOBBS,3
BUCK,3
KERR,3
GRIMES,3
BROWNING,3
KEITH,3
COLLIER,3
MCKENZIE,3
MORSE,3
CONRAD,3
HUTCHINSON,3
HOWE,3
SAVAGE,3
HAMPTON,3
BOYLE,3
DONOVAN,3
HEBERT,3
MAYER,3
COPELAND,3
NASH,3
BRIDGES,3
STAFFORD,3
GOLDEN,3
KENT,3
MCMAHON,3
ROACH,3
WILKINS,3
MAHONEY,3
PECK,3
HULL,3
LOPEZ,3
DOUGHERTY,3
BEARD,3
CONWAY,3
CASE,3
LEACH,3
BARR,3
LEBLANC,3
PENNINGTON,3
HODGE,3
HURLEY,3
ORR,3
FROST,3
STOKES,3
CHRISTIAN,3
GENTRY,3
KRUEGER,3
MEADOWS,3
FRIEDMAN,3
MCCONNELL,3
HUBER,3
WINTERS,3
WEEKS,3
GLOVER,3
HAHN,3
HUMPHREY,3
DUFFY,3
ATKINS,3
PITTMAN,3
MONROE,3
BRADFORD,3
FRY,3
SHANNON,3
BENDER,3
BUCKLEY,3
SLOAN,3
GILLESPIE,3
MOYER,3
PRESTON,3
MERRITT,3
FITZPATRICK,3
MCINTYRE,3
OCONNELL,3
MCDOWELL,3
SCHMITT,3
NOVAK,3
LESTER,3
RASMUSSEN,3
BRANDT,3
MICHAEL,3
CRANE,3
BLACKBURN,3
HOLLOWAY,3
BLEVINS,3
MATHIS,3
MCCULLOUGH,3
GOULD,3
ENGLISH,3
HARRELL,3
KAUFMAN,3
BOONE,3
DICKERSON,3
KRAUSE,3
HARDIN,3
WERNER,3
FREDERICK,3
ANTHONY,3
WOODWARD,3
AYERS,3
KEMP,3
HAAS,3
BRADSHAW,3
SELLERS,3
HENDRICKS,3
MULLEN,3
MCGRATH,3
MCFARLAND,3
BENTLEY,3
NOBLE,3
GLASS,3
CHURCH,3
IRWIN,3
MCCARTY,3
LANDRY,3
CLEMENTS,3
HERNANDEZ,3
LYNN,3
GILMORE,3
WILEY,3
BLANCHARD,3
ANDERSEN,3
DURHAM,3
PITTS,3
PRUITT,3
LEVINE,3
COFFEY,3
BEASLEY,3
BAIRD,3
MACK,3
FARLEY,3
DAUGHERTY,3
ESTES,3
MAYNARD,3
MCCANN,3
CANTRELL,3
VAUGHAN,3
RAYMOND,3
WHITEHEAD,3
HARDING,3
FREY,3
BLACKWELL,3
GOOD,3
BRAUN,3
HATFIELD,3
GLENN,3
HOUSE,3
FRITZ,3
PRINCE,3
PACE,3
WILKERSON,3
HICKMAN,3
HANNA,3
DODSON,3
FRYE,3
COMPTON,3
RITTER,3
ONEAL,3
BEAN,3
KAISER,3
POTTS,3
HAYS,3
LUTZ,3
SHEA,3
ROWLAND,3
LIVINGSTON,3
BIRD,3
STUART,3
MOONEY,3
FLOWERS,3
SHEPARD,3
MCKAY,3
HALEY,3
RIGGS,3
JOYCE,3
LEHMAN,3
STRONG,3
MADDEN,3
DUNLAP,3
WHITNEY,3
HAYDEN,3
OSBORN,3
SMALL,3
JARVIS,3
MOON,3
DONNELLY,3
HOUSTON,3
KATZ,3
DUKE,3
MCINTOSH,3
SNIDER,3
DAVIES,3
COSTA,3
RIDDLE,3
LOWERY,3
DONAHUE,3
VOGEL,3
LEVY,3
STANTON,3
MCCLAIN,3
KUHN,3
GOLDSTEIN,3
WITT,3
SHOEMAKER,3
MERRILL,3
PEREZ,3
WINTER,3
HANEY,3
GOLDBERG,3
ODELL,3
FAULKNER,3
MCLEAN,3
RUSH,3
BRAY,3
COSTELLO,3
DOWNS,3
ROBERSON,3
BURCH,3
GORMAN,3
CARVER,3
LANGE,3
GONZALEZ,3
WORKMAN,3
JOSEPH,3
MALONEY,3
ELLISON,3
GUTHRIE,3
KAPLAN,3
MERCER,3
GOFF,3
DALY,3
CRAMER,3
MCCALL,3
MOSER,3
KNOX,3
MIDDLETON,3
CROSBY,3
CARNEY,3
RICHTER,3
WOODARD,3
SPEARS,3
HOOPER,3
HERRING,3
SANFORD,3
CROWLEY,3
KESSLER,3
WALLS,3
BYRNE,3
CONNOLLY,3
MCDERMOTT,3
EVERETT,3
WIGGINS,3
BULLOCK,3
HENDRICKSON,3
CHILDERS,3
HELMS,3
MCMILLAN,3
FINK,3
FINLEY,3
ASHLEY,3
MCCABE,3
PEARCE,3
HARTLEY,3
ARCHER,3
HENDRIX,3
BEACH,3
AVERY,3
LANCASTER,3
BEST,3
JUSTICE,3
HICKEY,3
WELSH,3
DICKSON,3
TRACY,3
KINNEY,3
PUGH,3
HOLDEN,3
MARINO,3
SOLOMON,3
MCPHERSON,3
FLANAGAN,3
CALHOUN,3
HORNE,3
DELANEY,3
SPRINGER,3
SEARS,3
HAINES,3
BENTON,3
RICHMOND,3
RITCHIE,3
DONALDSON,3
GILES,3
COWAN,3
HESTER,3
DOLAN,3
KERN,3
CROWE,3
ENGLAND,3
SPENCE,3
TUTTLE,3
VALENTINE,3
PETTY,3
DOHERTY,3
BYERS,3
EWING,3
EMERSON,3
COOLEY,3
HOLCOMB,3
KENDALL,3
LAKE,3
DODD,3
SLATER,3
SORENSEN,3
COOKE,3
CLAY,3
GUSTAFSON,3
LYON,3
NEWELL,3
SANCHEZ,3
CAMP,3
CRAFT,3
BARLOW,3
SWEET,3
TRAVIS,3
MADDOX,3
DAVID,3
SHEEHAN,3
HYDE,3
PUCKETT,3
BOGGS,3
WALLER,3
ONEIL,3
DWYER,3
PROCTOR,3
ALBERT,3
SINGLETON,3
MCNAMARA,3
SHEPPARD,3
MCKENNA,3
CHAMBERLAIN,3
GIBBONS,3
BARRON,3
FRANKS,3
HASTINGS,3
HOLDER,3
FERRELL,3
CRABTREE,3
MCGOWAN,3
BERNARD,3
PARK,3
DAILEY,3
HEWITT,3
SUTHERLAND,3
KIDD,3
PIKE,3
CASSIDY,3
SWARTZ,3
SHAFER,3
GALLOWAY,3
OTT,3
ROMANO,3
KENNEY,3
BOLTON,3
HELLER,3
FARRIS,3
ROSENBERG,3
FINCH,3
GAY,3
STARR,3
HOPPER,3
BOWLING,3
WARE,3
ODOM,3
MULLER,3
MEIER,3
ROLLINS,3
DICKINSON,3
FORBES,3
DEMPSEY,3
SHAPIRO,3
DUDLEY,3
ROSSI,3
CHANEY,3
PIERSON,3
LINDSAY,3
KIRKPATRICK,3
SCHUMACHER,3
DENTON,3
MCGINNIS,3
PATE,3
CURRAN,3
SARGENT,3
ZIEGLER,3
NIXON,3
ACKERMAN,3
CONNOR,3
RATLIFF,3
SINGER,3
BRIGHT,3
DOWNEY,3
GLEASON,3
DYE,3
SAMPSON,3
COUCH,3
FULTON,3
COFFMAN,3
DALE,3
ELDER,3
FUNK,3
STERN,3
WORLEY,3
COURTNEY,3
RUTHERFORD,3
RANDOLPH,3
SHIRLEY,3
CASH,3
MCALLISTER,3
HAMM,3
SCHAFER,3
FISH,3
DOWNING,3
BELCHER,3
BRUNO,3
KNOWLES,3
BRITT,3
SCHULZ,3
EMERY,3
ALBRIGHT,3
HELTON,3
HOLMAN,3
ROE,3
KEY,3
HILTON,3
HATCH,3
LUND,3
DEWITT,3
BACON,3
RANKIN,3
LANGLEY,3
BLOOM,3
KURTZ,3
PADGETT,3
MAYS,3
FIELD,3
AKERS,3
DOTSON,3
FELDMAN,3
GOLDMAN,3
SCHMITZ,3
WHALEN,3
GODFREY,3
MAYO,3
WEBBER,3
POLLARD,3
HAGEN,3
TIPTON,3
ELKINS,3
CROUCH,3
LOCKE,3
CONKLIN,3
WILLS,3
DRISCOLL,3
POST,3
SIMONS,3
THOMSON,3
SWENSON,3
STEINER,3
ARTHUR,3
STOVER,3
ROSEN,3
CHRISTOPHER,3
HEAD,3
SANTOS,3
HORNER,3
HOLBROOK,3
MEEKS,3
KIMBALL,3
EGAN,3
